[1/1001] Building C object backends/xnnpack/third-party/cpuinfo/CMakeFiles/cpuinfo.dir/src/cache.c.o
[2/1001] Building C object backends/xnnpack/third-party/cpuinfo/CMakeFiles/cpuinfo.dir/src/init.c.o
[3/1001] Building C object backends/xnnpack/third-party/cpuinfo/CMakeFiles/cpuinfo.dir/src/arm/uarch.c.o
[4/1001] Building C object backends/xnnpack/third-party/cpuinfo/CMakeFiles/cpuinfo.dir/src/log.c.o
[5/1001] Building C object backends/xnnpack/third-party/cpuinfo/CMakeFiles/cpuinfo.dir/src/arm/cache.c.o
[6/1001] Building C object backends/xnnpack/third-party/cpuinfo/CMakeFiles/cpuinfo.dir/src/api.c.o
[7/1001] Building C object backends/xnnpack/third-party/cpuinfo/CMakeFiles/cpuinfo.dir/src/arm/linux/cpuinfo.c.o
[8/1001] Building C object backends/xnnpack/third-party/cpuinfo/CMakeFiles/cpuinfo.dir/src/arm/linux/clusters.c.o
[9/1001] Building C object backends/xnnpack/third-party/cpuinfo/CMakeFiles/cpuinfo.dir/src/arm/linux/init.c.o
[10/1001] Building C object backends/xnnpack/third-party/cpuinfo/CMakeFiles/cpuinfo.dir/src/arm/linux/midr.c.o
[11/1001] Building C object backends/xnnpack/third-party/cpuinfo/CMakeFiles/cpuinfo.dir/src/arm/android/properties.c.o
[12/1001] Building C object backends/xnnpack/third-party/cpuinfo/CMakeFiles/cpuinfo.dir/src/arm/linux/aarch64-isa.c.o
[13/1001] Building C object backends/xnnpack/third-party/cpuinfo/CMakeFiles/cpuinfo.dir/src/linux/smallfile.c.o
[14/1001] Building C object backends/xnnpack/third-party/cpuinfo/CMakeFiles/cpuinfo.dir/src/linux/multiline.c.o
[15/1001] Building C object backends/xnnpack/third-party/cpuinfo/CMakeFiles/cpuinfo.dir/src/linux/processors.c.o
[16/1001] Building C object backends/xnnpack/third-party/cpuinfo/CMakeFiles/cpuinfo.dir/src/arm/linux/chipset.c.o
[17/1001] Building C object backends/xnnpack/third-party/cpuinfo/CMakeFiles/cpuinfo.dir/src/arm/linux/hwcap.c.o
[18/1001] Building C object backends/xnnpack/third-party/cpuinfo/CMakeFiles/cpuinfo.dir/src/linux/cpulist.c.o
[19/1001] Generating common_schema headers
[20/1001] Building C object backends/xnnpack/third-party/pthreadpool/CMakeFiles/pthreadpool.dir/src/legacy-api.c.o
[21/1001] Building C object backends/xnnpack/third-party/pthreadpool/CMakeFiles/pthreadpool.dir/src/memory.c.o
[22/1001] Building C object backends/xnnpack/third-party/XNNPACK/CMakeFiles/xnnpack-sanitizers.dir/src/sanitizers.c.o
[23/1001] Generating program_schema headers
[24/1001] Building C object backends/xnnpack/third-party/pthreadpool/CMakeFiles/pthreadpool.dir/src/pthreads.c.o
[25/1001] Linking C static library backends\xnnpack\third-party\cpuinfo\libcpuinfo.a
[26/1001] Building C object backends/xnnpack/third-party/XNNPACK/CMakeFiles/xnnpack-microkernels-prod.dir/src/f16-f32-vcvt/gen/f16-f32-vcvt-neonfp16-u16.c.o
[27/1001] Building C object backends/xnnpack/third-party/XNNPACK/CMakeFiles/xnnpack-microkernels-prod.dir/src/f16-f32-vcvt/gen/f16-f32-vcvt-scalar-u4.c.o
[28/1001] Building C object backends/xnnpack/third-party/XNNPACK/CMakeFiles/xnnpack-microkernels-prod.dir/src/f16-f32-vcvt/gen/f16-f32-vcvt-neon-int16-u16.c.o
[29/1001] Generating xnnpack_schema headers
[30/1001] Building C object backends/xnnpack/third-party/pthreadpool/CMakeFiles/pthreadpool.dir/src/portable-api.c.o
[31/1001] Building CXX object CMakeFiles/executorch_core.dir/runtime/core/device_memory_buffer.cpp.o
[32/1001] Building CXX object CMakeFiles/executorch_core.dir/runtime/core/device_allocator.cpp.o
[33/1001] Building CXX object CMakeFiles/executorch_core.dir/runtime/core/tag.cpp.o
[34/1001] Building CXX object CMakeFiles/executorch_core.dir/runtime/core/exec_aten/util/tensor_shape_to_c_string.cpp.o
[35/1001] Building CXX object CMakeFiles/executorch_core.dir/runtime/core/tensor_layout.cpp.o
[36/1001] Building CXX object CMakeFiles/executorch_core.dir/runtime/core/evalue.cpp.o
[37/1001] Building CXX object CMakeFiles/executorch_core.dir/runtime/core/exec_aten/util/tensor_util_portable.cpp.o
[38/1001] Building CXX object CMakeFiles/executorch_core.dir/runtime/core/portable_type/tensor_impl.cpp.o
[39/1001] Building CXX object CMakeFiles/executorch_core.dir/runtime/backend/interface.cpp.o
[40/1001] Building CXX object CMakeFiles/executorch_core.dir/runtime/executor/program.cpp.o
[41/1001] Building CXX object CMakeFiles/executorch_core.dir/runtime/platform/abort.cpp.o
[42/1001] Building CXX object CMakeFiles/executorch_core.dir/runtime/executor/method_meta.cpp.o
[43/1001] Building CXX object CMakeFiles/executorch_core.dir/runtime/platform/log.cpp.o
[44/1001] Building CXX object CMakeFiles/executorch_core.dir/runtime/platform/platform.cpp.o
[45/1001] Building CXX object CMakeFiles/executorch_core.dir/runtime/platform/profiler.cpp.o
[46/1001] Building CXX object CMakeFiles/executorch_core.dir/runtime/platform/runtime.cpp.o
[47/1001] Building CXX object CMakeFiles/executorch_core.dir/runtime/kernel/operator_registry.cpp.o
[48/1001] Building CXX object CMakeFiles/executorch_core.dir/runtime/executor/program_validation.cpp.o
[49/1001] Building CXX object CMakeFiles/executorch_core.dir/runtime/executor/pte_data_map.cpp.o
[50/1001] Building CXX object CMakeFiles/executorch_core.dir/schema/extended_header.cpp.o
[51/1001] Building CXX object CMakeFiles/executorch_core.dir/runtime/executor/tensor_parser_portable.cpp.o
[52/1001] Building CXX object CMakeFiles/executorch_core.dir/runtime/executor/tensor_parser_exec_aten.cpp.o
[53/1001] Linking C static library backends\xnnpack\third-party\pthreadpool\libpthreadpool.a
[54/1001] Building CXX object CMakeFiles/executorch_core.dir/runtime/executor/method.cpp.o
[55/1001] Building CXX object CMakeFiles/executorch_core.dir/runtime/platform/default/android.cpp.o
[56/1001] Building CXX object CMakeFiles/executorch.dir/kernels/prim_ops/et_copy_index.cpp.o
[57/1001] Linking CXX static library libexecutorch_core.a
[58/1001] Building CXX object CMakeFiles/executorch.dir/kernels/prim_ops/et_view.cpp.o
[59/1001] Building CXX object CMakeFiles/executorch.dir/kernels/prim_ops/register_prim_ops.cpp.o
[60/1001] Building CXX object kernels/portable/cpu/util/CMakeFiles/kernels_util_all_deps.dir/activation_ops_util.cpp.o
[61/1001] Linking CXX static library libexecutorch.a
[62/1001] Building CXX object kernels/portable/cpu/util/CMakeFiles/kernels_util_all_deps.dir/arange_util.cpp.o
[63/1001] Building CXX object kernels/portable/cpu/util/CMakeFiles/kernels_util_all_deps.dir/advanced_index_util.cpp.o
[64/1001] Building CXX object kernels/portable/cpu/util/CMakeFiles/kernels_util_all_deps.dir/broadcast_util.cpp.o
[65/1001] Building CXX object kernels/portable/cpu/util/CMakeFiles/kernels_util_all_deps.dir/delinearize_index.cpp.o
[66/1001] Building CXX object kernels/portable/cpu/util/CMakeFiles/kernels_util_all_deps.dir/distance_util.cpp.o
[67/1001] Building CXX object kernels/portable/cpu/util/CMakeFiles/kernels_util_all_deps.dir/copy_ops_util.cpp.o
[68/1001] Building CXX object kernels/portable/cpu/util/CMakeFiles/kernels_util_all_deps.dir/dtype_util.cpp.o
[69/1001] Building CXX object kernels/portable/cpu/util/CMakeFiles/kernels_util_all_deps.dir/index_util.cpp.o
[70/1001] Building CXX object kernels/portable/cpu/util/CMakeFiles/kernels_util_all_deps.dir/matmul_ops_util.cpp.o
[71/1001] Building CXX object kernels/portable/cpu/util/CMakeFiles/kernels_util_all_deps.dir/kernel_ops_util.cpp.o
[72/1001] Building CXX object kernels/portable/cpu/util/CMakeFiles/kernels_util_all_deps.dir/normalization_ops_util.cpp.o
[73/1001] Building CXX object kernels/portable/cpu/util/CMakeFiles/kernels_util_all_deps.dir/padding_util.cpp.o
[74/1001] Building CXX object kernels/portable/cpu/util/CMakeFiles/kernels_util_all_deps.dir/reduce_util.cpp.o
[75/1001] Building CXX object kernels/portable/cpu/util/CMakeFiles/kernels_util_all_deps.dir/repeat_util.cpp.o
[76/1001] Building CXX object kernels/portable/cpu/util/CMakeFiles/kernels_util_all_deps.dir/select_copy_util.cpp.o
[77/1001] Building CXX object kernels/portable/cpu/util/CMakeFiles/kernels_util_all_deps.dir/upsample_util.cpp.o
[78/1001] Building CXX object kernels/portable/cpu/util/CMakeFiles/kernels_util_all_deps.dir/slice_util.cpp.o
[79/1001] Linking CXX static library kernels\portable\cpu\util\libkernels_util_all_deps.a
[80/1001] Building CXX object kernels/portable/CMakeFiles/portable_kernels.dir/cpu/op__adaptive_avg_pool2d.cpp.o
[81/1001] Building CXX object kernels/portable/CMakeFiles/portable_kernels.dir/cpu/op__clone_dim_order.cpp.o
[82/1001] Building CXX object kernels/portable/CMakeFiles/portable_kernels.dir/cpu/op__conj_physical.cpp.o
[83/1001] Building CXX object kernels/portable/CMakeFiles/portable_kernels.dir/cpu/op__device_copy.cpp.o
[84/1001] Building CXX object kernels/portable/CMakeFiles/portable_kernels.dir/cpu/op__empty_dim_order.cpp.o
[85/1001] Building CXX object kernels/portable/CMakeFiles/portable_kernels.dir/cpu/op_acos.cpp.o
[86/1001] Building CXX object kernels/portable/CMakeFiles/portable_kernels.dir/cpu/op_acosh.cpp.o
[87/1001] Building CXX object kernels/portable/CMakeFiles/portable_kernels.dir/cpu/op_abs.cpp.o
[88/1001] Building CXX object kernels/portable/CMakeFiles/portable_kernels.dir/cpu/op_alias_copy.cpp.o
[89/1001] Building CXX object kernels/portable/CMakeFiles/portable_kernels.dir/cpu/op_allclose.cpp.o
[90/1001] Building CXX object kernels/portable/CMakeFiles/portable_kernels.dir/cpu/op__to_dim_order_copy.cpp.o
[91/1001] Building CXX object kernels/portable/CMakeFiles/portable_kernels.dir/cpu/op_arange.cpp.o
[92/1001] Building CXX object kernels/portable/CMakeFiles/portable_kernels.dir/cpu/op_amax.cpp.o
[93/1001] Building CXX object kernels/portable/CMakeFiles/portable_kernels.dir/cpu/op_add.cpp.o
[94/1001] Building CXX object kernels/portable/CMakeFiles/portable_kernels.dir/cpu/op_amin.cpp.o
[95/1001] Building CXX object kernels/portable/CMakeFiles/portable_kernels.dir/cpu/op_addmm.cpp.o
[96/1001] Building CXX object kernels/portable/CMakeFiles/portable_kernels.dir/cpu/op_argmax.cpp.o
[97/1001] Building CXX object kernels/portable/CMakeFiles/portable_kernels.dir/cpu/op_as_strided_copy.cpp.o
[98/1001] Building CXX object kernels/portable/CMakeFiles/portable_kernels.dir/cpu/op_argmin.cpp.o
[99/1001] Building CXX object kernels/portable/CMakeFiles/portable_kernels.dir/cpu/op_asin.cpp.o
[100/1001] Building CXX object kernels/portable/CMakeFiles/portable_kernels.dir/cpu/op_asinh.cpp.o
[101/1001] Building CXX object kernels/portable/CMakeFiles/portable_kernels.dir/cpu/op_atan.cpp.o
[102/1001] Building CXX object kernels/portable/CMakeFiles/portable_kernels.dir/cpu/op_atanh.cpp.o
[103/1001] Building CXX object kernels/portable/CMakeFiles/portable_kernels.dir/cpu/op_atan2.cpp.o
[104/1001] Building CXX object kernels/portable/CMakeFiles/portable_kernels.dir/cpu/op_bitwise_not.cpp.o
[105/1001] Building CXX object kernels/portable/CMakeFiles/portable_kernels.dir/cpu/op_bitwise_and.cpp.o
[106/1001] Building CXX object kernels/portable/CMakeFiles/portable_kernels.dir/cpu/op_bitwise_left_shift.cpp.o
[107/1001] Building CXX object kernels/portable/CMakeFiles/portable_kernels.dir/cpu/op_bitwise_or.cpp.o
[108/1001] Building CXX object kernels/portable/CMakeFiles/portable_kernels.dir/cpu/op_avg_pool2d.cpp.o
[109/1001] Building CXX object kernels/portable/CMakeFiles/portable_kernels.dir/cpu/op_bitwise_right_shift.cpp.o
[110/1001] Building CXX object kernels/portable/CMakeFiles/portable_kernels.dir/cpu/op_bmm.cpp.o
[111/1001] Building CXX object kernels/portable/CMakeFiles/portable_kernels.dir/cpu/op_any.cpp.o
[112/1001] Building CXX object kernels/portable/CMakeFiles/portable_kernels.dir/cpu/op_bitwise_xor.cpp.o
[113/1001] Building CXX object kernels/portable/CMakeFiles/portable_kernels.dir/cpu/op_ceil.cpp.o
[114/1001] Building CXX object kernels/portable/CMakeFiles/portable_kernels.dir/cpu/op_clone.cpp.o
[115/1001] Building CXX object kernels/portable/CMakeFiles/portable_kernels.dir/cpu/op_constant_pad_nd.cpp.o
[116/1001] Building CXX object kernels/portable/CMakeFiles/portable_kernels.dir/cpu/op_cat.cpp.o
[117/1001] Building CXX object kernels/portable/CMakeFiles/portable_kernels.dir/cpu/op_cdist_forward.cpp.o
[118/1001] Building CXX object kernels/portable/CMakeFiles/portable_kernels.dir/cpu/op_cos.cpp.o
[119/1001] Building CXX object kernels/portable/CMakeFiles/portable_kernels.dir/cpu/op_convolution_backward.cpp.o
[120/1001] Building CXX object kernels/portable/CMakeFiles/portable_kernels.dir/cpu/op_cosh.cpp.o
[121/1001] Building CXX object kernels/portable/CMakeFiles/portable_kernels.dir/cpu/op_detach_copy.cpp.o
[122/1001] Building CXX object kernels/portable/CMakeFiles/portable_kernels.dir/cpu/op_cumsum.cpp.o
[123/1001] Building CXX object kernels/portable/CMakeFiles/portable_kernels.dir/cpu/op_clamp.cpp.o
[124/1001] Building CXX object kernels/portable/CMakeFiles/portable_kernels.dir/cpu/op_embedding.cpp.o
[125/1001] Building CXX object kernels/portable/CMakeFiles/portable_kernels.dir/cpu/op_diagonal_copy.cpp.o
[126/1001] Building CXX object kernels/portable/CMakeFiles/portable_kernels.dir/cpu/op_convolution.cpp.o
[127/1001] Building CXX object kernels/portable/CMakeFiles/portable_kernels.dir/cpu/op_elu.cpp.o
[128/1001] Building CXX object kernels/portable/CMakeFiles/portable_kernels.dir/cpu/op_empty.cpp.o
[129/1001] Building CXX object kernels/portable/CMakeFiles/portable_kernels.dir/cpu/op_copy.cpp.o
[130/1001] Building CXX object kernels/portable/CMakeFiles/portable_kernels.dir/cpu/op_exp.cpp.o
[131/1001] Building CXX object kernels/portable/CMakeFiles/portable_kernels.dir/cpu/op_erf.cpp.o
[132/1001] Building CXX object kernels/portable/CMakeFiles/portable_kernels.dir/cpu/op_expand_copy.cpp.o
[133/1001] Building CXX object kernels/portable/CMakeFiles/portable_kernels.dir/cpu/op_expm1.cpp.o
[134/1001] Building CXX object kernels/portable/CMakeFiles/portable_kernels.dir/cpu/op_div.cpp.o
[135/1001] Building CXX object kernels/portable/CMakeFiles/portable_kernels.dir/cpu/op_flip.cpp.o
[136/1001] Building CXX object kernels/portable/CMakeFiles/portable_kernels.dir/cpu/op_floor.cpp.o
[137/1001] Building CXX object kernels/portable/CMakeFiles/portable_kernels.dir/cpu/op_fill.cpp.o
[138/1001] Building CXX object kernels/portable/CMakeFiles/portable_kernels.dir/cpu/op_eq.cpp.o
[139/1001] Building CXX object kernels/portable/CMakeFiles/portable_kernels.dir/cpu/op_full.cpp.o
[140/1001] Building CXX object kernels/portable/CMakeFiles/portable_kernels.dir/cpu/op_full_like.cpp.o
[141/1001] Building CXX object kernels/portable/CMakeFiles/portable_kernels.dir/cpu/op_fmod.cpp.o
[142/1001] Building CXX object kernels/portable/CMakeFiles/portable_kernels.dir/cpu/op_gather.cpp.o
[143/1001] Building CXX object kernels/portable/CMakeFiles/portable_kernels.dir/cpu/op_floor_divide.cpp.o
[144/1001] Building CXX object kernels/portable/CMakeFiles/portable_kernels.dir/cpu/op_gelu.cpp.o
[145/1001] Building CXX object kernels/portable/CMakeFiles/portable_kernels.dir/cpu/op_hardtanh.cpp.o
[146/1001] Building CXX object kernels/portable/CMakeFiles/portable_kernels.dir/cpu/op_index.cpp.o
[147/1001] Building CXX object kernels/portable/CMakeFiles/portable_kernels.dir/cpu/op_index_put.cpp.o
[148/1001] Building CXX object kernels/portable/CMakeFiles/portable_kernels.dir/cpu/op_index_select.cpp.o
[149/1001] Building CXX object kernels/portable/CMakeFiles/portable_kernels.dir/cpu/op_ge.cpp.o
[150/1001] Building CXX object kernels/portable/CMakeFiles/portable_kernels.dir/cpu/op_isinf.cpp.o
[151/1001] Building CXX object kernels/portable/CMakeFiles/portable_kernels.dir/cpu/op_isnan.cpp.o
[152/1001] Building CXX object kernels/portable/CMakeFiles/portable_kernels.dir/cpu/op_gt.cpp.o
[153/1001] Building CXX object kernels/portable/CMakeFiles/portable_kernels.dir/cpu/op_leaky_relu.cpp.o
[154/1001] Building CXX object kernels/portable/CMakeFiles/portable_kernels.dir/cpu/op_lift_fresh_copy.cpp.o
[155/1001] Building CXX object kernels/portable/CMakeFiles/portable_kernels.dir/cpu/op_grid_sampler_2d.cpp.o
[156/1001] Building CXX object kernels/portable/CMakeFiles/portable_kernels.dir/cpu/op_log.cpp.o
[157/1001] Building CXX object kernels/portable/CMakeFiles/portable_kernels.dir/cpu/op_log10.cpp.o
[158/1001] Building CXX object kernels/portable/CMakeFiles/portable_kernels.dir/cpu/op_log1p.cpp.o
[159/1001] Building CXX object kernels/portable/CMakeFiles/portable_kernels.dir/cpu/op_log2.cpp.o
[160/1001] Building CXX object kernels/portable/CMakeFiles/portable_kernels.dir/cpu/op_le.cpp.o
[161/1001] Building CXX object kernels/portable/CMakeFiles/portable_kernels.dir/cpu/op_log_softmax.cpp.o
[162/1001] Building CXX object kernels/portable/CMakeFiles/portable_kernels.dir/cpu/op_logical_and.cpp.o
[163/1001] Building CXX object kernels/portable/CMakeFiles/portable_kernels.dir/cpu/op_logical_or.cpp.o
[164/1001] Building CXX object kernels/portable/CMakeFiles/portable_kernels.dir/cpu/op_logical_xor.cpp.o
[165/1001] Building CXX object kernels/portable/CMakeFiles/portable_kernels.dir/cpu/op_logit.cpp.o
[166/1001] Building CXX object kernels/portable/CMakeFiles/portable_kernels.dir/cpu/op_logical_not.cpp.o
[167/1001] Building CXX object kernels/portable/CMakeFiles/portable_kernels.dir/cpu/op_masked_scatter.cpp.o
[168/1001] Building CXX object kernels/portable/CMakeFiles/portable_kernels.dir/cpu/op_masked_select.cpp.o
[169/1001] Building CXX object kernels/portable/CMakeFiles/portable_kernels.dir/cpu/op_max_pool2d_with_indices_backward.cpp.o
[170/1001] Building CXX object kernels/portable/CMakeFiles/portable_kernels.dir/cpu/op_lt.cpp.o
[171/1001] Building CXX object kernels/portable/CMakeFiles/portable_kernels.dir/cpu/op_max.cpp.o
[172/1001] Building CXX object kernels/portable/CMakeFiles/portable_kernels.dir/cpu/op_masked_fill.cpp.o
[173/1001] Building CXX object kernels/portable/CMakeFiles/portable_kernels.dir/cpu/op_max_pool2d_with_indices.cpp.o
[174/1001] Building CXX object kernels/portable/CMakeFiles/portable_kernels.dir/cpu/op_maximum.cpp.o
[175/1001] Building CXX object kernels/portable/CMakeFiles/portable_kernels.dir/cpu/op_mm.cpp.o
[176/1001] Building CXX object kernels/portable/CMakeFiles/portable_kernels.dir/cpu/op_narrow_copy.cpp.o
[177/1001] Building CXX object kernels/portable/CMakeFiles/portable_kernels.dir/cpu/op_min.cpp.o
[178/1001] Building CXX object kernels/portable/CMakeFiles/portable_kernels.dir/cpu/op_minimum.cpp.o
[179/1001] Building CXX object kernels/portable/CMakeFiles/portable_kernels.dir/cpu/op_native_batch_norm.cpp.o
[180/1001] Building CXX object kernels/portable/CMakeFiles/portable_kernels.dir/cpu/op_glu.cpp.o
[181/1001] Building CXX object kernels/portable/CMakeFiles/portable_kernels.dir/cpu/op_native_group_norm.cpp.o
[182/1001] Building CXX object kernels/portable/CMakeFiles/portable_kernels.dir/cpu/op_native_layer_norm.cpp.o
[183/1001] Building CXX object kernels/portable/CMakeFiles/portable_kernels.dir/cpu/op_native_dropout.cpp.o
[184/1001] Building CXX object kernels/portable/CMakeFiles/portable_kernels.dir/cpu/op_mul.cpp.o
[185/1001] Building CXX object kernels/portable/CMakeFiles/portable_kernels.dir/cpu/op_nonzero.cpp.o
[186/1001] Building CXX object kernels/portable/CMakeFiles/portable_kernels.dir/cpu/op_ones.cpp.o
[187/1001] Building CXX object kernels/portable/CMakeFiles/portable_kernels.dir/cpu/op_neg.cpp.o
[188/1001] Building CXX object kernels/portable/CMakeFiles/portable_kernels.dir/cpu/op_pixel_shuffle.cpp.o
[189/1001] Building CXX object kernels/portable/CMakeFiles/portable_kernels.dir/cpu/op_pdist_forward.cpp.o
[190/1001] Building CXX object kernels/portable/CMakeFiles/portable_kernels.dir/cpu/op_permute_copy.cpp.o
[191/1001] Building CXX object kernels/portable/CMakeFiles/portable_kernels.dir/cpu/op_ne.cpp.o
[192/1001] Building CXX object kernels/portable/CMakeFiles/portable_kernels.dir/cpu/op_pixel_unshuffle.cpp.o
[193/1001] Building CXX object kernels/portable/CMakeFiles/portable_kernels.dir/cpu/op_mean.cpp.o
[194/1001] Building CXX object kernels/portable/CMakeFiles/portable_kernels.dir/cpu/op_reciprocal.cpp.o
[195/1001] Building CXX object kernels/portable/CMakeFiles/portable_kernels.dir/cpu/op_pow.cpp.o
[196/1001] Building CXX object kernels/portable/CMakeFiles/portable_kernels.dir/cpu/op_rand.cpp.o
[197/1001] Building CXX object kernels/portable/CMakeFiles/portable_kernels.dir/cpu/op_randn.cpp.o
[198/1001] Building CXX object kernels/portable/CMakeFiles/portable_kernels.dir/cpu/op_reflection_pad1d.cpp.o
[199/1001] Building CXX object kernels/portable/CMakeFiles/portable_kernels.dir/cpu/op_reflection_pad2d.cpp.o
[200/1001] Building CXX object kernels/portable/CMakeFiles/portable_kernels.dir/cpu/op_repeat.cpp.o
[201/1001] Building CXX object kernels/portable/CMakeFiles/portable_kernels.dir/cpu/op_relu.cpp.o
[202/1001] Building CXX object kernels/portable/CMakeFiles/portable_kernels.dir/cpu/op_repeat_interleave.cpp.o
[203/1001] Building CXX object kernels/portable/CMakeFiles/portable_kernels.dir/cpu/op_replication_pad1d.cpp.o
[204/1001] Building CXX object kernels/portable/CMakeFiles/portable_kernels.dir/cpu/op_reflection_pad3d.cpp.o
[205/1001] Building CXX object kernels/portable/CMakeFiles/portable_kernels.dir/cpu/op_roll.cpp.o
[206/1001] Building CXX object kernels/portable/CMakeFiles/portable_kernels.dir/cpu/op_round.cpp.o
[207/1001] Building CXX object kernels/portable/CMakeFiles/portable_kernels.dir/cpu/op_remainder.cpp.o
[208/1001] Building CXX object kernels/portable/CMakeFiles/portable_kernels.dir/cpu/op_replication_pad2d.cpp.o
[209/1001] Building CXX object kernels/portable/CMakeFiles/portable_kernels.dir/cpu/op_rsqrt.cpp.o
[210/1001] Building CXX object kernels/portable/CMakeFiles/portable_kernels.dir/cpu/op_replication_pad3d.cpp.o
[211/1001] Building CXX object kernels/portable/CMakeFiles/portable_kernels.dir/cpu/op_scalar_tensor.cpp.o
[212/1001] Building CXX object kernels/portable/CMakeFiles/portable_kernels.dir/cpu/op_select_copy.cpp.o
[213/1001] Building CXX object kernels/portable/CMakeFiles/portable_kernels.dir/cpu/op_rsub.cpp.o
[214/1001] Building CXX object kernels/portable/CMakeFiles/portable_kernels.dir/cpu/op_scatter_add.cpp.o
[215/1001] Building CXX object kernels/portable/CMakeFiles/portable_kernels.dir/cpu/op_scatter.cpp.o
[216/1001] Building CXX object kernels/portable/CMakeFiles/portable_kernels.dir/cpu/op_sign.cpp.o
[217/1001] Building CXX object kernels/portable/CMakeFiles/portable_kernels.dir/cpu/op_sin.cpp.o
[218/1001] Building CXX object kernels/portable/CMakeFiles/portable_kernels.dir/cpu/op_sigmoid.cpp.o
[219/1001] Building CXX object kernels/portable/CMakeFiles/portable_kernels.dir/cpu/op_select_scatter.cpp.o
[220/1001] Building CXX object kernels/portable/CMakeFiles/portable_kernels.dir/cpu/op_sinh.cpp.o
[221/1001] Building CXX object kernels/portable/CMakeFiles/portable_kernels.dir/cpu/op_slice_copy.cpp.o
[222/1001] Building CXX object kernels/portable/CMakeFiles/portable_kernels.dir/cpu/op_sqrt.cpp.o
[223/1001] Building CXX object kernels/portable/CMakeFiles/portable_kernels.dir/cpu/op_squeeze_copy.cpp.o
[224/1001] Building CXX object kernels/portable/CMakeFiles/portable_kernels.dir/cpu/op_stack.cpp.o
[225/1001] Building CXX object kernels/portable/CMakeFiles/portable_kernels.dir/cpu/op_softmax.cpp.o
[226/1001] Building CXX object kernels/portable/CMakeFiles/portable_kernels.dir/cpu/op_tan.cpp.o
[227/1001] Building CXX object kernels/portable/CMakeFiles/portable_kernels.dir/cpu/op_slice_scatter.cpp.o
[228/1001] Building CXX object kernels/portable/CMakeFiles/portable_kernels.dir/cpu/op_split_copy.cpp.o
[229/1001] Building CXX object kernels/portable/CMakeFiles/portable_kernels.dir/cpu/op_t_copy.cpp.o
[230/1001] Building CXX object kernels/portable/CMakeFiles/portable_kernels.dir/cpu/op_tanh.cpp.o
[231/1001] Building CXX object kernels/portable/CMakeFiles/portable_kernels.dir/cpu/op_sub.cpp.o
[232/1001] Building CXX object kernels/portable/CMakeFiles/portable_kernels.dir/cpu/op_transpose_copy.cpp.o
[233/1001] Building CXX object kernels/portable/CMakeFiles/portable_kernels.dir/cpu/op_to_copy.cpp.o
[234/1001] Building CXX object kernels/portable/CMakeFiles/portable_kernels.dir/cpu/op_trunc.cpp.o
[235/1001] Building CXX object kernels/portable/CMakeFiles/portable_kernels.dir/cpu/op_tril.cpp.o
[236/1001] Building CXX object kernels/portable/CMakeFiles/portable_kernels.dir/cpu/op_prod.cpp.o
[237/1001] Building CXX object kernels/portable/CMakeFiles/portable_kernels.dir/cpu/op_split_with_sizes_copy.cpp.o
[238/1001] Building CXX object kernels/portable/CMakeFiles/portable_kernels.dir/cpu/op_unsqueeze_copy.cpp.o
[239/1001] Building CXX object kernels/portable/CMakeFiles/portable_kernels.dir/cpu/op_unbind_copy.cpp.o
[240/1001] Building CXX object kernels/portable/CMakeFiles/portable_kernels.dir/cpu/op_upsample_nearest2d.cpp.o
[241/1001] Building CXX object kernels/portable/CMakeFiles/portable_kernels.dir/cpu/op_upsample_bilinear2d.cpp.o
[242/1001] Building CXX object kernels/portable/CMakeFiles/portable_kernels.dir/cpu/op_upsample_bilinear2d_aa.cpp.o
[243/1001] Building CXX object kernels/portable/CMakeFiles/portable_kernels.dir/cpu/op_unfold_copy.cpp.o
[244/1001] Building CXX object kernels/portable/CMakeFiles/portable_kernels.dir/cpu/op_topk.cpp.o
[245/1001] Building CXX object kernels/portable/CMakeFiles/portable_kernels.dir/cpu/op_view_as_real_copy.cpp.o
[246/1001] Building CXX object kernels/portable/CMakeFiles/portable_kernels.dir/cpu/op_view_copy.cpp.o
[247/1001] Building CXX object kernels/portable/CMakeFiles/portable_kernels.dir/cpu/op_zeros.cpp.o
[248/1001] Building CXX object kernels/portable/CMakeFiles/portable_kernels.dir/cpu/pattern/unary_ufunc_realhbbf16_to_bool.cpp.o
[249/1001] Building CXX object kernels/portable/CMakeFiles/portable_kernels.dir/cpu/pattern/unary_ufunc_realhbf16.cpp.o
[250/1001] Building CXX object kernels/portable/CMakeFiles/portable_kernels.dir/cpu/pattern/unary_ufunc_realhbbf16_to_floathbf16.cpp.o
[251/1001] Building CXX object kernels/portable/CMakeFiles/portable_kernels.dir/cpu/util/activation_ops_util.cpp.o
[252/1001] Building CXX object kernels/portable/CMakeFiles/portable_kernels.dir/cpu/op_where.cpp.o
[253/1001] Building CXX object kernels/portable/CMakeFiles/portable_kernels.dir/cpu/op_var.cpp.o
[254/1001] Building CXX object kernels/portable/CMakeFiles/portable_kernels.dir/cpu/util/advanced_index_util.cpp.o
[255/1001] Building CXX object kernels/portable/CMakeFiles/portable_kernels.dir/cpu/util/arange_util.cpp.o
[256/1001] Building CXX object kernels/portable/CMakeFiles/portable_kernels.dir/cpu/util/delinearize_index.cpp.o
[257/1001] Building CXX object kernels/portable/CMakeFiles/portable_kernels.dir/cpu/util/broadcast_util.cpp.o
[258/1001] Building CXX object kernels/portable/CMakeFiles/portable_kernels.dir/cpu/util/distance_util.cpp.o
[259/1001] Building CXX object kernels/portable/CMakeFiles/portable_kernels.dir/cpu/util/copy_ops_util.cpp.o
[260/1001] Building CXX object kernels/portable/CMakeFiles/portable_kernels.dir/cpu/util/dtype_util.cpp.o
[261/1001] Building CXX object kernels/portable/CMakeFiles/portable_kernels.dir/cpu/util/grid_sampler_2d_util.cpp.o
[262/1001] Building CXX object kernels/portable/CMakeFiles/portable_kernels.dir/cpu/util/index_util.cpp.o
[263/1001] Building CXX object kernels/portable/CMakeFiles/portable_kernels.dir/cpu/util/matmul_ops_util.cpp.o
[264/1001] Building CXX object kernels/portable/CMakeFiles/portable_kernels.dir/cpu/util/kernel_ops_util.cpp.o
[265/1001] Building CXX object kernels/portable/CMakeFiles/portable_kernels.dir/cpu/util/normalization_ops_util.cpp.o
[266/1001] Building CXX object kernels/portable/CMakeFiles/portable_kernels.dir/cpu/util/padding_util.cpp.o
[267/1001] Building CXX object kernels/portable/CMakeFiles/portable_kernels.dir/cpu/util/repeat_util.cpp.o
[268/1001] Building CXX object kernels/portable/CMakeFiles/portable_kernels.dir/cpu/util/reduce_util.cpp.o
[269/1001] Building ASM object backends/xnnpack/third-party/XNNPACK/CMakeFiles/xnnpack-microkernels-prod.dir/src/f16-gemm/gen/f16-gemm-1x16-minmax-asm-aarch64-neonfp16arith-ld64.S.o
[270/1001] Building ASM object backends/xnnpack/third-party/XNNPACK/CMakeFiles/xnnpack-microkernels-prod.dir/src/f16-gemm/gen/f16-gemm-4x16-minmax-asm-aarch64-neonfp16arith-ld64.S.o
[271/1001] Building CXX object kernels/portable/CMakeFiles/portable_kernels.dir/cpu/util/select_copy_util.cpp.o
[272/1001] Building CXX object kernels/portable/CMakeFiles/portable_kernels.dir/cpu/op_var_mean.cpp.o
[273/1001] Building ASM object backends/xnnpack/third-party/XNNPACK/CMakeFiles/xnnpack-microkernels-prod.dir/src/f16-gemm/gen/f16-gemm-6x16-minmax-asm-aarch64-neonfp16arith-cortex-a55.S.o
[274/1001] Building CXX object kernels/portable/CMakeFiles/portable_kernels.dir/cpu/util/slice_util.cpp.o
[275/1001] Building ASM object backends/xnnpack/third-party/XNNPACK/CMakeFiles/xnnpack-microkernels-prod.dir/src/f16-gemm/gen/f16-gemm-6x16-minmax-asm-aarch64-neonfp16arith-cortex-a55r0.S.o
[276/1001] Building ASM object backends/xnnpack/third-party/XNNPACK/CMakeFiles/xnnpack-microkernels-prod.dir/src/f16-gemm/gen/f16-gemm-6x16-minmax-asm-aarch64-neonfp16arith-cortex-a75.S.o
[277/1001] Building ASM object backends/xnnpack/third-party/XNNPACK/CMakeFiles/xnnpack-microkernels-prod.dir/src/f16-gemm/gen/f16-gemm-6x16-minmax-asm-aarch64-neonfp16arith-ld64.S.o
[278/1001] Building ASM object backends/xnnpack/third-party/XNNPACK/CMakeFiles/xnnpack-microkernels-prod.dir/src/f16-igemm/f16-igemm-1x16-minmax-asm-aarch64-neonfp16arith-ld64.S.o
[279/1001] Building ASM object backends/xnnpack/third-party/XNNPACK/CMakeFiles/xnnpack-microkernels-prod.dir/src/f16-igemm/f16-igemm-4x16-minmax-asm-aarch64-neonfp16arith-ld64.S.o
[280/1001] Building ASM object backends/xnnpack/third-party/XNNPACK/CMakeFiles/xnnpack-microkernels-prod.dir/src/f16-igemm/f16-igemm-6x16-minmax-asm-aarch64-neonfp16arith-cortex-a55.S.o
[281/1001] Building ASM object backends/xnnpack/third-party/XNNPACK/CMakeFiles/xnnpack-microkernels-prod.dir/src/f16-igemm/f16-igemm-6x16-minmax-asm-aarch64-neonfp16arith-cortex-a55r0.S.o
[282/1001] Building ASM object backends/xnnpack/third-party/XNNPACK/CMakeFiles/xnnpack-microkernels-prod.dir/src/f16-igemm/f16-igemm-6x16-minmax-asm-aarch64-neonfp16arith-cortex-a75.S.o
[283/1001] Building CXX object kernels/portable/CMakeFiles/portable_kernels.dir/cpu/util/upsample_util.cpp.o
[284/1001] Building ASM object backends/xnnpack/third-party/XNNPACK/CMakeFiles/xnnpack-microkernels-prod.dir/src/f16-igemm/f16-igemm-6x16-minmax-asm-aarch64-neonfp16arith-ld64.S.o
[285/1001] Building C object backends/xnnpack/third-party/XNNPACK/CMakeFiles/xnnpack-microkernels-prod.dir/src/f16-qs8-vcvt/gen/f16-qs8-vcvt-scalar-imagic-u4.c.o
[286/1001] Building C object backends/xnnpack/third-party/XNNPACK/CMakeFiles/xnnpack-microkernels-prod.dir/src/f16-qu8-vcvt/gen/f16-qu8-vcvt-scalar-imagic-u4.c.o
[287/1001] Building C object backends/xnnpack/third-party/XNNPACK/CMakeFiles/xnnpack-microkernels-prod.dir/src/f16-rminmax/gen/f16-rmin-scalar-u2-acc2.c.o
[288/1001] Building C object backends/xnnpack/third-party/XNNPACK/CMakeFiles/xnnpack-microkernels-prod.dir/src/f16-rminmax/gen/f16-rminmax-scalar-u2-acc2.c.o
[289/1001] Building C object backends/xnnpack/third-party/XNNPACK/CMakeFiles/xnnpack-microkernels-prod.dir/src/f16-rminmax/gen/f16-rmax-scalar-u2-acc2.c.o
[290/1001] Building C object backends/xnnpack/third-party/XNNPACK/CMakeFiles/xnnpack-microkernels-prod.dir/src/f16-rdminmax/gen/f16-rdmin-2p2x-scalar-u2.c.o
[291/1001] Building C object backends/xnnpack/third-party/XNNPACK/CMakeFiles/xnnpack-microkernels-prod.dir/src/f16-rdminmax/gen/f16-rdmax-2p2x-scalar-u2.c.o
[292/1001] Building CXX object kernels/portable/CMakeFiles/portable_kernels.dir/cpu/util/stack_util.cpp.o
[293/1001] Building C object backends/xnnpack/third-party/XNNPACK/CMakeFiles/xnnpack-microkernels-prod.dir/src/f32-argmaxpool/f32-argmaxpool-9p8x-neon-c4.c.o
[294/1001] Building C object backends/xnnpack/third-party/XNNPACK/CMakeFiles/xnnpack-microkernels-prod.dir/src/f32-argmaxpool/f32-argmaxpool-9p8x-scalar-c1.c.o
[295/1001] Building C object backends/xnnpack/third-party/XNNPACK/CMakeFiles/xnnpack-microkernels-prod.dir/src/f32-avgpool/gen/f32-avgpool-9p-minmax-scalar-u1.c.o
[296/1001] Building C object backends/xnnpack/third-party/XNNPACK/CMakeFiles/xnnpack-microkernels-prod.dir/src/f32-avgpool/gen/f32-avgpool-9p-minmax-neon-u4.c.o
[297/1001] Building C object backends/xnnpack/third-party/XNNPACK/CMakeFiles/xnnpack-microkernels-prod.dir/src/f32-conv-hwc2chw/f32-conv-hwc2chw-3x3s2p1c3x4-aarch64-neonfma-2x2.c.o
[298/1001] Building C object backends/xnnpack/third-party/XNNPACK/CMakeFiles/xnnpack-microkernels-prod.dir/src/f32-conv-hwc2chw/f32-conv-hwc2chw-3x3s2p1c3x4-neon-2x2.c.o
[299/1001] Building C object backends/xnnpack/third-party/XNNPACK/CMakeFiles/xnnpack-microkernels-prod.dir/src/f32-conv-hwc2chw/f32-conv-hwc2chw-3x3s2p1c3x4-scalar-1x1.c.o
[300/1001] Building ASM object backends/xnnpack/third-party/XNNPACK/CMakeFiles/xnnpack-microkernels-prod.dir/src/f32-dwconv/f32-dwconv-9p4c-minmax-asm-aarch64-neonfma-cortex-a55.S.o
[301/1001] Building C object backends/xnnpack/third-party/XNNPACK/CMakeFiles/xnnpack-microkernels-prod.dir/src/f16-vexp/gen/f16-vexp-scalar-poly-3.c.o
[302/1001] Building C object backends/xnnpack/third-party/XNNPACK/CMakeFiles/xnnpack-microkernels-prod.dir/src/f32-dwconv/gen/f32-dwconv-25p1c-minmax-scalar-acc2.c.o
[303/1001] Building C object backends/xnnpack/third-party/XNNPACK/CMakeFiles/xnnpack-microkernels-prod.dir/src/f32-dwconv/gen/f32-dwconv-25p1c-scalar-acc2.c.o
[304/1001] Building C object backends/xnnpack/third-party/XNNPACK/CMakeFiles/xnnpack-microkernels-prod.dir/src/f32-dwconv/gen/f32-dwconv-25p2c-minmax-scalar-acc2.c.o
[305/1001] Building C object backends/xnnpack/third-party/XNNPACK/CMakeFiles/xnnpack-microkernels-prod.dir/src/f32-dwconv/gen/f32-dwconv-25p2c-scalar-acc2.c.o
[306/1001] Building C object backends/xnnpack/third-party/XNNPACK/CMakeFiles/xnnpack-microkernels-prod.dir/src/f16-vgelu/gen/f16-vgelu-scalar-rational-6-4-div.c.o
[307/1001] Building C object backends/xnnpack/third-party/XNNPACK/CMakeFiles/xnnpack-microkernels-prod.dir/src/f16-vapproxgelu/gen/f16-vapproxgelu-scalar-rational-6-4-div.c.o
[308/1001] Building C object backends/xnnpack/third-party/XNNPACK/CMakeFiles/xnnpack-microkernels-prod.dir/src/f32-dwconv/gen/f32-dwconv-3p1c-minmax-scalar-acc2.c.o
[309/1001] Building C object backends/xnnpack/third-party/XNNPACK/CMakeFiles/xnnpack-microkernels-prod.dir/src/f32-dwconv/gen/f32-dwconv-25p8c-minmax-neon.c.o
[310/1001] Building C object backends/xnnpack/third-party/XNNPACK/CMakeFiles/xnnpack-microkernels-prod.dir/src/f32-dwconv/gen/f32-dwconv-25p8c-minmax-neonfma-acc2.c.o
[311/1001] Building C object backends/xnnpack/third-party/XNNPACK/CMakeFiles/xnnpack-microkernels-prod.dir/src/f32-dwconv/gen/f32-dwconv-3p1c-scalar-acc2.c.o
[312/1001] Building C object backends/xnnpack/third-party/XNNPACK/CMakeFiles/xnnpack-microkernels-prod.dir/src/f32-dwconv/gen/f32-dwconv-4p1c-minmax-scalar-acc2.c.o
[313/1001] Building C object backends/xnnpack/third-party/XNNPACK/CMakeFiles/xnnpack-microkernels-prod.dir/src/f32-dwconv/gen/f32-dwconv-4p1c-scalar-acc2.c.o
[314/1001] Building C object backends/xnnpack/third-party/XNNPACK/CMakeFiles/xnnpack-microkernels-prod.dir/src/f32-dwconv/gen/f32-dwconv-3p8c-minmax-neon.c.o
[315/1001] Building C object backends/xnnpack/third-party/XNNPACK/CMakeFiles/xnnpack-microkernels-prod.dir/src/f32-dwconv/gen/f32-dwconv-3p8c-minmax-neonfma.c.o
[316/1001] Building C object backends/xnnpack/third-party/XNNPACK/CMakeFiles/xnnpack-microkernels-prod.dir/src/f16-vsin/gen/f16-vsin-scalar-rational-3-2-div.c.o
[317/1001] Building C object backends/xnnpack/third-party/XNNPACK/CMakeFiles/xnnpack-microkernels-prod.dir/src/f32-dwconv/gen/f32-dwconv-4p8c-minmax-neon.c.o
[318/1001] Building C object backends/xnnpack/third-party/XNNPACK/CMakeFiles/xnnpack-microkernels-prod.dir/src/f32-dwconv/gen/f32-dwconv-9p1c-minmax-scalar-acc2.c.o
[319/1001] Building C object backends/xnnpack/third-party/XNNPACK/CMakeFiles/xnnpack-microkernels-prod.dir/src/f32-dwconv/gen/f32-dwconv-9p1c-scalar-acc2.c.o
[320/1001] Building C object backends/xnnpack/third-party/XNNPACK/CMakeFiles/xnnpack-microkernels-prod.dir/src/f16-vcos/gen/f16-vcos-scalar-rational-3-2-div.c.o
[321/1001] Building C object backends/xnnpack/third-party/XNNPACK/CMakeFiles/xnnpack-microkernels-prod.dir/src/f32-dwconv/gen/f32-dwconv-4p8c-minmax-neonfma.c.o
[322/1001] Building C object backends/xnnpack/third-party/XNNPACK/CMakeFiles/xnnpack-microkernels-prod.dir/src/f32-dwconv2d-chw/gen/f32-dwconv2d-chw-3x3p1-minmax-scalar-2x1-acc2.c.o
[323/1001] Building C object backends/xnnpack/third-party/XNNPACK/CMakeFiles/xnnpack-microkernels-prod.dir/src/f32-dwconv/gen/f32-dwconv-9p8c-minmax-neon.c.o
[324/1001] Building C object backends/xnnpack/third-party/XNNPACK/CMakeFiles/xnnpack-microkernels-prod.dir/src/f32-dwconv/gen/f32-dwconv-9p8c-minmax-neonfma.c.o
[325/1001] Building C object backends/xnnpack/third-party/XNNPACK/CMakeFiles/xnnpack-microkernels-prod.dir/src/f32-dwconv2d-chw/gen/f32-dwconv2d-chw-3x3p1-minmax-aarch64-neonfma-3x4.c.o
[326/1001] Building C object backends/xnnpack/third-party/XNNPACK/CMakeFiles/xnnpack-microkernels-prod.dir/src/f32-dwconv2d-chw/gen/f32-dwconv2d-chw-3x3p1-minmax-scalar-4x1.c.o
[327/1001] Building C object backends/xnnpack/third-party/XNNPACK/CMakeFiles/xnnpack-microkernels-prod.dir/src/f32-dwconv2d-chw/gen/f32-dwconv2d-chw-3x3p1-minmax-neon-2x4.c.o
[328/1001] Building C object backends/xnnpack/third-party/XNNPACK/CMakeFiles/xnnpack-microkernels-prod.dir/src/f32-dwconv2d-chw/gen/f32-dwconv2d-chw-3x3s2p1-minmax-aarch64-neonfma-2x4-acc2.c.o
[329/1001] Building C object backends/xnnpack/third-party/XNNPACK/CMakeFiles/xnnpack-microkernels-prod.dir/src/f32-dwconv2d-chw/gen/f32-dwconv2d-chw-3x3s2p1-minmax-scalar-1x1-acc2.c.o
[330/1001] Building C object backends/xnnpack/third-party/XNNPACK/CMakeFiles/xnnpack-microkernels-prod.dir/src/f32-dwconv2d-chw/gen/f32-dwconv2d-chw-3x3s2p1-minmax-scalar-2x1-acc2.c.o
[331/1001] Building C object backends/xnnpack/third-party/XNNPACK/CMakeFiles/xnnpack-microkernels-prod.dir/src/f32-dwconv2d-chw/gen/f32-dwconv2d-chw-3x3s2p1-minmax-neon-1x4.c.o
[332/1001] Building C object backends/xnnpack/third-party/XNNPACK/CMakeFiles/xnnpack-microkernels-prod.dir/src/f32-dwconv2d-chw/gen/f32-dwconv2d-chw-5x5p2-minmax-scalar-1x1-acc5.c.o
[333/1001] Building C object backends/xnnpack/third-party/XNNPACK/CMakeFiles/xnnpack-microkernels-prod.dir/src/f32-dwconv2d-chw/gen/f32-dwconv2d-chw-5x5p2-minmax-scalar-2x1-acc2.c.o
[334/1001] Building C object backends/xnnpack/third-party/XNNPACK/CMakeFiles/xnnpack-microkernels-prod.dir/src/f32-dwconv2d-chw/gen/f32-dwconv2d-chw-5x5p2-minmax-neon-1x4.c.o
[335/1001] Building C object backends/xnnpack/third-party/XNNPACK/CMakeFiles/xnnpack-microkernels-prod.dir/src/f32-dwconv2d-chw/gen/f32-dwconv2d-chw-5x5s2p2-minmax-scalar-1x1-acc5.c.o
[336/1001] Building C object backends/xnnpack/third-party/XNNPACK/CMakeFiles/xnnpack-microkernels-prod.dir/src/f32-dwconv2d-chw/gen/f32-dwconv2d-chw-5x5s2p2-minmax-aarch64-neonfma-1x4-acc2.c.o
[337/1001] Building C object backends/xnnpack/third-party/XNNPACK/CMakeFiles/xnnpack-microkernels-prod.dir/src/f32-dwconv2d-chw/gen/f32-dwconv2d-chw-5x5p2-minmax-aarch64-neonfma-4x4.c.o
[338/1001] Building C object backends/xnnpack/third-party/XNNPACK/CMakeFiles/xnnpack-microkernels-prod.dir/src/f32-dwconv2d-chw/gen/f32-dwconv2d-chw-5x5s2p2-minmax-neon-1x4.c.o
[339/1001] Building C object backends/xnnpack/third-party/XNNPACK/CMakeFiles/xnnpack-microkernels-prod.dir/src/f32-dwconv2d-chw/gen/f32-dwconv2d-chw-5x5s2p2-minmax-scalar-2x1-acc2.c.o
[340/1001] Building C object backends/xnnpack/third-party/XNNPACK/CMakeFiles/xnnpack-microkernels-prod.dir/src/f32-f16-vcvt/gen/f32-f16-vcvt-scalar-fabsf-u2.c.o
[341/1001] Building C object backends/xnnpack/third-party/XNNPACK/CMakeFiles/xnnpack-microkernels-prod.dir/src/f32-f16-vcvt/gen/f32-f16-vcvt-neon-u8.c.o
[342/1001] Building C object backends/xnnpack/third-party/XNNPACK/CMakeFiles/xnnpack-microkernels-prod.dir/src/f32-f16-vcvt/gen/f32-f16-vcvt-neonfp16-u16.c.o
[343/1001] Building C object backends/xnnpack/third-party/XNNPACK/CMakeFiles/xnnpack-microkernels-prod.dir/src/f32-gemm/gen/f32-gemm-1x4-relu-scalar.c.o
[344/1001] Building C object backends/xnnpack/third-party/XNNPACK/CMakeFiles/xnnpack-microkernels-prod.dir/src/f32-gemm/gen/f32-gemm-1x4-minmax-scalar.c.o
[345/1001] Building C object backends/xnnpack/third-party/XNNPACK/CMakeFiles/xnnpack-microkernels-prod.dir/src/f32-gemm/gen/f32-gemm-1x4-scalar.c.o
[346/1001] Building C object backends/xnnpack/third-party/XNNPACK/CMakeFiles/xnnpack-microkernels-prod.dir/src/f32-gemm/gen/f32-gemm-1x16-minmax-aarch64-neonfma-lane-ld128.c.o
[347/1001] Building ASM object backends/xnnpack/third-party/XNNPACK/CMakeFiles/xnnpack-microkernels-prod.dir/src/f32-gemm/gen/f32-gemm-1x8-minmax-asm-aarch64-neonfma-cortex-a53-prfm.S.o
[348/1001] Building ASM object backends/xnnpack/third-party/XNNPACK/CMakeFiles/xnnpack-microkernels-prod.dir/src/f32-gemm/gen/f32-gemm-1x8-minmax-asm-aarch64-neonfma-cortex-a53.S.o
[349/1001] Building C object backends/xnnpack/third-party/XNNPACK/CMakeFiles/xnnpack-microkernels-prod.dir/src/f32-gemm/gen/f32-gemm-1x8-minmax-aarch64-neonfma-lane-ld128.c.o
[350/1001] Building ASM object backends/xnnpack/third-party/XNNPACK/CMakeFiles/xnnpack-microkernels-prod.dir/src/f32-gemm/gen/f32-gemm-1x8-minmax-asm-aarch64-neonfma-cortex-a75-prfm.S.o
[351/1001] Building ASM object backends/xnnpack/third-party/XNNPACK/CMakeFiles/xnnpack-microkernels-prod.dir/src/f32-gemm/gen/f32-gemm-1x8-minmax-asm-aarch64-neonfma-cortex-a75.S.o
[352/1001] Building ASM object backends/xnnpack/third-party/XNNPACK/CMakeFiles/xnnpack-microkernels-prod.dir/src/f32-gemm/gen/f32-gemm-1x8-minmax-asm-aarch64-neonfma-ld128-2.S.o
[353/1001] Building ASM object backends/xnnpack/third-party/XNNPACK/CMakeFiles/xnnpack-microkernels-prod.dir/src/f32-gemm/gen/f32-gemm-1x8-minmax-asm-aarch64-neonfma-ld128-acc4.S.o
[354/1001] Building ASM object backends/xnnpack/third-party/XNNPACK/CMakeFiles/xnnpack-microkernels-prod.dir/src/f32-gemm/gen/f32-gemm-4x2-minmax-asm-aarch64-neonfma-ld128.S.o
[355/1001] Building C object backends/xnnpack/third-party/XNNPACK/CMakeFiles/xnnpack-microkernels-prod.dir/src/f32-gemm/gen/f32-gemm-1x8-minmax-neon-lane-ld64.c.o
[356/1001] Building C object backends/xnnpack/third-party/XNNPACK/CMakeFiles/xnnpack-microkernels-prod.dir/src/f32-gemm/gen/f32-gemm-1x8s4-minmax-neonfma.c.o
[357/1001] Building C object backends/xnnpack/third-party/XNNPACK/CMakeFiles/xnnpack-microkernels-prod.dir/src/f32-gemm/gen/f32-gemm-4x2-minmax-scalar.c.o
[358/1001] Building C object backends/xnnpack/third-party/XNNPACK/CMakeFiles/xnnpack-microkernels-prod.dir/src/f32-gemm/gen/f32-gemm-4x2-minmax-aarch64-neonfma-lane-ld64.c.o
[359/1001] Building C object backends/xnnpack/third-party/XNNPACK/CMakeFiles/xnnpack-microkernels-prod.dir/src/f32-gemm/gen/f32-gemm-4x2-minmax-neon-lane-ld64.c.o
[360/1001] Building C object backends/xnnpack/third-party/XNNPACK/CMakeFiles/xnnpack-microkernels-prod.dir/src/f32-gemm/gen/f32-gemm-4x16-minmax-aarch64-neonfma-lane-ld128.c.o
[361/1001] Building C object backends/xnnpack/third-party/XNNPACK/CMakeFiles/xnnpack-microkernels-prod.dir/src/f32-gemm/gen/f32-gemm-4x2-scalar.c.o
[362/1001] Building C object backends/xnnpack/third-party/XNNPACK/CMakeFiles/xnnpack-microkernels-prod.dir/src/f32-gemm/gen/f32-gemm-4x4-minmax-scalar.c.o
[363/1001] Building C object backends/xnnpack/third-party/XNNPACK/CMakeFiles/xnnpack-microkernels-prod.dir/src/f32-gemm/gen/f32-gemm-4x4-relu-scalar.c.o
[364/1001] Building C object backends/xnnpack/third-party/XNNPACK/CMakeFiles/xnnpack-microkernels-prod.dir/src/f32-gemm/gen/f32-gemm-4x4-scalar.c.o
[365/1001] Building ASM object backends/xnnpack/third-party/XNNPACK/CMakeFiles/xnnpack-microkernels-prod.dir/src/f32-gemm/gen/f32-gemm-4x8-minmax-asm-aarch64-neonfma-cortex-a53-prfm.S.o
[366/1001] Building ASM object backends/xnnpack/third-party/XNNPACK/CMakeFiles/xnnpack-microkernels-prod.dir/src/f32-gemm/gen/f32-gemm-4x8-minmax-asm-aarch64-neonfma-cortex-a53.S.o
[367/1001] Building ASM object backends/xnnpack/third-party/XNNPACK/CMakeFiles/xnnpack-microkernels-prod.dir/src/f32-gemm/gen/f32-gemm-4x8-minmax-asm-aarch64-neonfma-cortex-a55.S.o
[368/1001] Building ASM object backends/xnnpack/third-party/XNNPACK/CMakeFiles/xnnpack-microkernels-prod.dir/src/f32-gemm/gen/f32-gemm-4x8-minmax-asm-aarch64-neonfma-cortex-a75-prfm.S.o
[369/1001] Building ASM object backends/xnnpack/third-party/XNNPACK/CMakeFiles/xnnpack-microkernels-prod.dir/src/f32-gemm/gen/f32-gemm-4x8-minmax-asm-aarch64-neonfma-cortex-a75.S.o
[370/1001] Building ASM object backends/xnnpack/third-party/XNNPACK/CMakeFiles/xnnpack-microkernels-prod.dir/src/f32-gemm/gen/f32-gemm-4x8-minmax-asm-aarch64-neonfma-ld128-2.S.o
[371/1001] Building ASM object backends/xnnpack/third-party/XNNPACK/CMakeFiles/xnnpack-microkernels-prod.dir/src/f32-gemm/gen/f32-gemm-6x8-minmax-asm-aarch64-neonfma-cortex-a53-prfm.S.o
[372/1001] Building ASM object backends/xnnpack/third-party/XNNPACK/CMakeFiles/xnnpack-microkernels-prod.dir/src/f32-gemm/gen/f32-gemm-6x8-minmax-asm-aarch64-neonfma-cortex-a53.S.o
[373/1001] Building C object backends/xnnpack/third-party/XNNPACK/CMakeFiles/xnnpack-microkernels-prod.dir/src/f32-gemm/gen/f32-gemm-4x8-minmax-neon-lane-ld128.c.o
[374/1001] Building C object backends/xnnpack/third-party/XNNPACK/CMakeFiles/xnnpack-microkernels-prod.dir/src/f32-gemm/gen/f32-gemm-4x8s4-minmax-neonfma.c.o
[375/1001] Building ASM object backends/xnnpack/third-party/XNNPACK/CMakeFiles/xnnpack-microkernels-prod.dir/src/f32-gemm/gen/f32-gemm-6x8-minmax-asm-aarch64-neonfma-cortex-a55.S.o
[376/1001] Building ASM object backends/xnnpack/third-party/XNNPACK/CMakeFiles/xnnpack-microkernels-prod.dir/src/f32-gemm/gen/f32-gemm-6x8-minmax-asm-aarch64-neonfma-cortex-a73.S.o
[377/1001] Building C object backends/xnnpack/third-party/XNNPACK/CMakeFiles/xnnpack-microkernels-prod.dir/src/f32-gemm/gen/f32-gemm-6x8-minmax-aarch64-neonfma-lane-ld128.c.o
[378/1001] Building ASM object backends/xnnpack/third-party/XNNPACK/CMakeFiles/xnnpack-microkernels-prod.dir/src/f32-gemm/gen/f32-gemm-6x8-minmax-asm-aarch64-neonfma-cortex-a75-prfm.S.o
[379/1001] Building ASM object backends/xnnpack/third-party/XNNPACK/CMakeFiles/xnnpack-microkernels-prod.dir/src/f32-gemm/gen/f32-gemm-6x8-minmax-asm-aarch64-neonfma-ld128.S.o
[380/1001] Building ASM object backends/xnnpack/third-party/XNNPACK/CMakeFiles/xnnpack-microkernels-prod.dir/src/f32-gemm/gen/f32-gemm-7x8-minmax-asm-aarch64-neonfma-ld128-2.S.o
[381/1001] Building ASM object backends/xnnpack/third-party/XNNPACK/CMakeFiles/xnnpack-microkernels-prod.dir/src/f32-gemm/gen/f32-gemm-8x8-minmax-asm-aarch64-neonfma-ld128-2.S.o
[382/1001] Building C object backends/xnnpack/third-party/XNNPACK/CMakeFiles/xnnpack-microkernels-prod.dir/src/f32-ibilinear-chw/gen/f32-ibilinear-chw-scalar-p4.c.o
[383/1001] Building C object backends/xnnpack/third-party/XNNPACK/CMakeFiles/xnnpack-microkernels-prod.dir/src/f32-ibilinear-chw/gen/f32-ibilinear-chw-neon-p8.c.o
[384/1001] Building C object backends/xnnpack/third-party/XNNPACK/CMakeFiles/xnnpack-microkernels-prod.dir/src/f32-gemm/gen/f32-gemm-6x8s4-minmax-neonfma.c.o
[385/1001] Building C object backends/xnnpack/third-party/XNNPACK/CMakeFiles/xnnpack-microkernels-prod.dir/src/f32-ibilinear-chw/gen/f32-ibilinear-chw-neonfma-p8.c.o
[386/1001] Building C object backends/xnnpack/third-party/XNNPACK/CMakeFiles/xnnpack-microkernels-prod.dir/src/f32-ibilinear/gen/f32-ibilinear-scalar-u2.c.o
[387/1001] Building C object backends/xnnpack/third-party/XNNPACK/CMakeFiles/xnnpack-microkernels-prod.dir/src/f32-ibilinear/gen/f32-ibilinear-neon-u8.c.o
[388/1001] Building C object backends/xnnpack/third-party/XNNPACK/CMakeFiles/xnnpack-microkernels-prod.dir/src/f32-ibilinear/gen/f32-ibilinear-neonfma-u8.c.o
[389/1001] Building ASM object backends/xnnpack/third-party/XNNPACK/CMakeFiles/xnnpack-microkernels-prod.dir/src/f32-igemm/f32-igemm-4x8-minmax-asm-aarch64-neonfma-cortex-a55.S.o
[390/1001] Building ASM object backends/xnnpack/third-party/XNNPACK/CMakeFiles/xnnpack-microkernels-prod.dir/src/f32-igemm/f32-igemm-6x8-minmax-asm-aarch64-neonfma-cortex-a55.S.o
[391/1001] Building ASM object backends/xnnpack/third-party/XNNPACK/CMakeFiles/xnnpack-microkernels-prod.dir/src/f32-igemm/f32-igemm-6x8-minmax-asm-aarch64-neonfma-cortex-a73.S.o
[392/1001] Building C object backends/xnnpack/third-party/XNNPACK/CMakeFiles/xnnpack-microkernels-prod.dir/src/f32-igemm/gen/f32-igemm-1x4-minmax-scalar.c.o
[393/1001] Building C object backends/xnnpack/third-party/XNNPACK/CMakeFiles/xnnpack-microkernels-prod.dir/src/f32-igemm/gen/f32-igemm-1x4-relu-scalar.c.o
[394/1001] Building C object backends/xnnpack/third-party/XNNPACK/CMakeFiles/xnnpack-microkernels-prod.dir/src/f32-igemm/gen/f32-igemm-1x4-scalar.c.o
[395/1001] Building C object backends/xnnpack/third-party/XNNPACK/CMakeFiles/xnnpack-microkernels-prod.dir/src/f32-igemm/gen/f32-igemm-1x16-minmax-aarch64-neonfma-lane-ld128.c.o
[396/1001] Building ASM object backends/xnnpack/third-party/XNNPACK/CMakeFiles/xnnpack-microkernels-prod.dir/src/f32-igemm/gen/f32-igemm-1x8-minmax-asm-aarch64-neonfma-cortex-a53-prfm.S.o
[397/1001] Building ASM object backends/xnnpack/third-party/XNNPACK/CMakeFiles/xnnpack-microkernels-prod.dir/src/f32-igemm/gen/f32-igemm-1x8-minmax-asm-aarch64-neonfma-cortex-a53.S.o
[398/1001] Building CXX object kernels/portable/CMakeFiles/portable_kernels.dir/cpu/op_sum.cpp.o
[399/1001] Building C object backends/xnnpack/third-party/XNNPACK/CMakeFiles/xnnpack-microkernels-prod.dir/src/f32-igemm/gen/f32-igemm-1x8-minmax-aarch64-neonfma-lane-ld128.c.o
[400/1001] Building ASM object backends/xnnpack/third-party/XNNPACK/CMakeFiles/xnnpack-microkernels-prod.dir/src/f32-igemm/gen/f32-igemm-1x8-minmax-asm-aarch64-neonfma-cortex-a75-prfm.S.o
[401/1001] Building ASM object backends/xnnpack/third-party/XNNPACK/CMakeFiles/xnnpack-microkernels-prod.dir/src/f32-igemm/gen/f32-igemm-1x8-minmax-asm-aarch64-neonfma-cortex-a75.S.o
[402/1001] Building ASM object backends/xnnpack/third-party/XNNPACK/CMakeFiles/xnnpack-microkernels-prod.dir/src/f32-igemm/gen/f32-igemm-1x8-minmax-asm-aarch64-neonfma-ld64.S.o
[403/1001] Building C object backends/xnnpack/third-party/XNNPACK/CMakeFiles/xnnpack-microkernels-prod.dir/src/f32-igemm/gen/f32-igemm-1x8-minmax-neon-lane-ld64.c.o
[404/1001] Building C object backends/xnnpack/third-party/XNNPACK/CMakeFiles/xnnpack-microkernels-prod.dir/src/f32-igemm/gen/f32-igemm-1x8s4-minmax-neonfma.c.o
[405/1001] Building ASM object backends/xnnpack/third-party/XNNPACK/CMakeFiles/xnnpack-microkernels-prod.dir/src/f32-igemm/gen/f32-igemm-4x2-minmax-asm-aarch64-neonfma-cortex-a75-prfm.S.o
[406/1001] Building C object backends/xnnpack/third-party/XNNPACK/CMakeFiles/xnnpack-microkernels-prod.dir/src/f32-igemm/gen/f32-igemm-4x2-minmax-scalar.c.o
[407/1001] Linking CXX static library kernels\portable\libportable_kernels.a
[408/1001] Building C object backends/xnnpack/third-party/XNNPACK/CMakeFiles/xnnpack-microkernels-prod.dir/src/f32-igemm/gen/f32-igemm-4x2-minmax-aarch64-neonfma-lane-ld64.c.o
[409/1001] Building C object backends/xnnpack/third-party/XNNPACK/CMakeFiles/xnnpack-microkernels-prod.dir/src/f32-igemm/gen/f32-igemm-4x16-minmax-aarch64-neonfma-lane-ld128.c.o
[410/1001] Building C object backends/xnnpack/third-party/XNNPACK/CMakeFiles/xnnpack-microkernels-prod.dir/src/f32-igemm/gen/f32-igemm-4x2-scalar.c.o
[411/1001] Building C object backends/xnnpack/third-party/XNNPACK/CMakeFiles/xnnpack-microkernels-prod.dir/src/f32-igemm/gen/f32-igemm-4x2-minmax-neon-lane-ld64.c.o
[412/1001] Building C object backends/xnnpack/third-party/XNNPACK/CMakeFiles/xnnpack-microkernels-prod.dir/src/f32-igemm/gen/f32-igemm-4x4-minmax-scalar.c.o
[413/1001] Building C object backends/xnnpack/third-party/XNNPACK/CMakeFiles/xnnpack-microkernels-prod.dir/src/f32-igemm/gen/f32-igemm-4x4-relu-scalar.c.o
[414/1001] Building C object backends/xnnpack/third-party/XNNPACK/CMakeFiles/xnnpack-microkernels-prod.dir/src/f32-igemm/gen/f32-igemm-4x4-scalar.c.o
[415/1001] Building ASM object backends/xnnpack/third-party/XNNPACK/CMakeFiles/xnnpack-microkernels-prod.dir/src/f32-igemm/gen/f32-igemm-4x8-minmax-asm-aarch64-neonfma-cortex-a53-prfm.S.o
[416/1001] Building ASM object backends/xnnpack/third-party/XNNPACK/CMakeFiles/xnnpack-microkernels-prod.dir/src/f32-igemm/gen/f32-igemm-4x8-minmax-asm-aarch64-neonfma-cortex-a53.S.o
[417/1001] Building ASM object backends/xnnpack/third-party/XNNPACK/CMakeFiles/xnnpack-microkernels-prod.dir/src/f32-igemm/gen/f32-igemm-4x8-minmax-asm-aarch64-neonfma-cortex-a75-prfm.S.o
[418/1001] Building ASM object backends/xnnpack/third-party/XNNPACK/CMakeFiles/xnnpack-microkernels-prod.dir/src/f32-igemm/gen/f32-igemm-4x8-minmax-asm-aarch64-neonfma-cortex-a75.S.o
[419/1001] Building ASM object backends/xnnpack/third-party/XNNPACK/CMakeFiles/xnnpack-microkernels-prod.dir/src/f32-igemm/gen/f32-igemm-4x8-minmax-asm-aarch64-neonfma-ld128.S.o
[420/1001] Building ASM object backends/xnnpack/third-party/XNNPACK/CMakeFiles/xnnpack-microkernels-prod.dir/src/f32-igemm/gen/f32-igemm-6x8-minmax-asm-aarch64-neonfma-cortex-a53-prfm.S.o
[421/1001] Building ASM object backends/xnnpack/third-party/XNNPACK/CMakeFiles/xnnpack-microkernels-prod.dir/src/f32-igemm/gen/f32-igemm-6x8-minmax-asm-aarch64-neonfma-cortex-a53.S.o
[422/1001] Building C object backends/xnnpack/third-party/XNNPACK/CMakeFiles/xnnpack-microkernels-prod.dir/src/f32-igemm/gen/f32-igemm-4x8-minmax-neon-lane-ld128.c.o
[423/1001] Building ASM object backends/xnnpack/third-party/XNNPACK/CMakeFiles/xnnpack-microkernels-prod.dir/src/f32-igemm/gen/f32-igemm-6x8-minmax-asm-aarch64-neonfma-cortex-a75-prfm.S.o
[424/1001] Building C object backends/xnnpack/third-party/XNNPACK/CMakeFiles/xnnpack-microkernels-prod.dir/src/f32-igemm/gen/f32-igemm-4x8s4-minmax-neonfma.c.o
[425/1001] Building ASM object backends/xnnpack/third-party/XNNPACK/CMakeFiles/xnnpack-microkernels-prod.dir/src/f32-igemm/gen/f32-igemm-6x8-minmax-asm-aarch64-neonfma-ld128.S.o
[426/1001] Building C object backends/xnnpack/third-party/XNNPACK/CMakeFiles/xnnpack-microkernels-prod.dir/src/f32-igemm/gen/f32-igemm-6x8-minmax-aarch64-neonfma-lane-ld128.c.o
[427/1001] Generating selected_operators.yaml for portable_ops_lib
[428/1001] Building C object backends/xnnpack/third-party/XNNPACK/CMakeFiles/xnnpack-microkernels-prod.dir/src/f32-maxpool/gen/f32-maxpool-9p-minmax-scalar-u1.c.o
[429/1001] Building C object backends/xnnpack/third-party/XNNPACK/CMakeFiles/xnnpack-microkernels-prod.dir/src/f32-qc4w-gemm/gen/f32-qc4w-gemm-1x4-minmax-scalar.c.o
[430/1001] Building C object backends/xnnpack/third-party/XNNPACK/CMakeFiles/xnnpack-microkernels-prod.dir/src/f32-maxpool/gen/f32-maxpool-9p-minmax-neon-u4.c.o
[431/1001] Building C object backends/xnnpack/third-party/XNNPACK/CMakeFiles/xnnpack-microkernels-prod.dir/src/f32-igemm/gen/f32-igemm-6x8s4-minmax-neonfma.c.o
[432/1001] Building C object backends/xnnpack/third-party/XNNPACK/CMakeFiles/xnnpack-microkernels-prod.dir/src/f32-qc4w-gemm/gen/f32-qc4w-gemm-1x8-minmax-aarch64-neonfma-lane-ld128.c.o
[433/1001] Building C object backends/xnnpack/third-party/XNNPACK/CMakeFiles/xnnpack-microkernels-prod.dir/src/f32-qc4w-gemm/gen/f32-qc4w-gemm-1x8-minmax-neon-lane-ld64.c.o
[434/1001] Building C object backends/xnnpack/third-party/XNNPACK/CMakeFiles/xnnpack-microkernels-prod.dir/src/f32-qc4w-gemm/gen/f32-qc4w-gemm-4x4-minmax-scalar.c.o
[435/1001] Building C object backends/xnnpack/third-party/XNNPACK/CMakeFiles/xnnpack-microkernels-prod.dir/src/f32-qc8w-gemm/gen/f32-qc8w-gemm-1x4-minmax-scalar.c.o
[436/1001] Building C object backends/xnnpack/third-party/XNNPACK/CMakeFiles/xnnpack-microkernels-prod.dir/src/f32-qc4w-gemm/gen/f32-qc4w-gemm-4x8-minmax-aarch64-neonfma-lane-ld128.c.o
[437/1001] Building C object backends/xnnpack/third-party/XNNPACK/CMakeFiles/xnnpack-microkernels-prod.dir/src/f32-qc4w-gemm/gen/f32-qc4w-gemm-4x8-minmax-neon-lane-ld64.c.o
[438/1001] Building ASM object backends/xnnpack/third-party/XNNPACK/CMakeFiles/xnnpack-microkernels-prod.dir/src/f32-qc8w-gemm/gen/f32-qc8w-gemm-1x8-minmax-asm-aarch64-neonfma-ld128-acc4.S.o
[439/1001] Building ASM object backends/xnnpack/third-party/XNNPACK/CMakeFiles/xnnpack-microkernels-prod.dir/src/f32-qc8w-gemm/gen/f32-qc8w-gemm-1x8-minmax-asm-aarch64-neonfma-ld128.S.o
[440/1001] Building C object backends/xnnpack/third-party/XNNPACK/CMakeFiles/xnnpack-microkernels-prod.dir/src/f32-qc8w-gemm/gen/f32-qc8w-gemm-1x8-minmax-aarch64-neonfma-lane-ld64.c.o
[441/1001] Building C object backends/xnnpack/third-party/XNNPACK/CMakeFiles/xnnpack-microkernels-prod.dir/src/f32-qc4w-gemm/gen/f32-qc4w-gemm-6x8-minmax-aarch64-neonfma-lane-ld128.c.o
[442/1001] Building C object backends/xnnpack/third-party/XNNPACK/CMakeFiles/xnnpack-microkernels-prod.dir/src/f32-qc8w-gemm/gen/f32-qc8w-gemm-4x4-minmax-scalar.c.o
[443/1001] Building C object backends/xnnpack/third-party/XNNPACK/CMakeFiles/xnnpack-microkernels-prod.dir/src/f32-qc8w-gemm/gen/f32-qc8w-gemm-1x8-minmax-neon-lane-ld64.c.o
[444/1001] Building ASM object backends/xnnpack/third-party/XNNPACK/CMakeFiles/xnnpack-microkernels-prod.dir/src/f32-qc8w-gemm/gen/f32-qc8w-gemm-6x8-minmax-asm-aarch64-neonfma-ld128.S.o
[445/1001] Building C object backends/xnnpack/third-party/XNNPACK/CMakeFiles/xnnpack-microkernels-prod.dir/src/f32-qc8w-gemm/gen/f32-qc8w-gemm-4x8-minmax-neon-lane-ld64.c.o
[446/1001] Building C object backends/xnnpack/third-party/XNNPACK/CMakeFiles/xnnpack-microkernels-prod.dir/src/f32-qs8-vcvt/gen/f32-qs8-vcvt-scalar-imagic-u4.c.o
[447/1001] Building C object backends/xnnpack/third-party/XNNPACK/CMakeFiles/xnnpack-microkernels-prod.dir/src/f32-qc8w-gemm/gen/f32-qc8w-gemm-6x8-minmax-aarch64-neonfma-lane-ld64.c.o
[448/1001] Building C object backends/xnnpack/third-party/XNNPACK/CMakeFiles/xnnpack-microkernels-prod.dir/src/f32-qs8-vcvt/gen/f32-qs8-vcvt-neon-u32.c.o
[449/1001] Building C object backends/xnnpack/third-party/XNNPACK/CMakeFiles/xnnpack-microkernels-prod.dir/src/f32-qs8-vcvt/gen/f32-qs8-vcvt-scalar-lrintf-u4.c.o
[450/1001] Building C object backends/xnnpack/third-party/XNNPACK/CMakeFiles/xnnpack-microkernels-prod.dir/src/f32-qs8-vcvt/gen/f32-qs8-vcvt-neonv8-u32.c.o
[451/1001] Building C object backends/xnnpack/third-party/XNNPACK/CMakeFiles/xnnpack-microkernels-prod.dir/src/f32-qu8-vcvt/gen/f32-qu8-vcvt-neon-u32.c.o
[452/1001] Building C object backends/xnnpack/third-party/XNNPACK/CMakeFiles/xnnpack-microkernels-prod.dir/src/f32-qu8-vcvt/gen/f32-qu8-vcvt-scalar-imagic-u4.c.o
[453/1001] Building C object backends/xnnpack/third-party/XNNPACK/CMakeFiles/xnnpack-microkernels-prod.dir/src/f32-qu8-vcvt/gen/f32-qu8-vcvt-scalar-lrintf-u4.c.o
[454/1001] Building C object backends/xnnpack/third-party/XNNPACK/CMakeFiles/xnnpack-microkernels-prod.dir/src/f32-qu8-vcvt/gen/f32-qu8-vcvt-neonv8-u32.c.o
[455/1001] Building C object backends/xnnpack/third-party/XNNPACK/CMakeFiles/xnnpack-microkernels-prod.dir/src/f32-raddstoreexpminusmax/gen/f32-raddstoreexpminusmax-scalar-rr2-p5-u4-acc2.c.o
[456/1001] Building C object backends/xnnpack/third-party/XNNPACK/CMakeFiles/xnnpack-microkernels-prod.dir/src/f32-rdminmax/gen/f32-rdmax-2p2x-scalar-u2.c.o
[457/1001] Building C object backends/xnnpack/third-party/XNNPACK/CMakeFiles/xnnpack-microkernels-prod.dir/src/f32-raddstoreexpminusmax/gen/f32-raddstoreexpminusmax-neonfma-rr1-lut64-p2-u16-acc2.c.o
[458/1001] Building C object backends/xnnpack/third-party/XNNPACK/CMakeFiles/xnnpack-microkernels-prod.dir/src/f32-rdminmax/gen/f32-rdmin-2p2x-scalar-u2.c.o
[459/1001] Building C object backends/xnnpack/third-party/XNNPACK/CMakeFiles/xnnpack-microkernels-prod.dir/src/f32-rdminmax/gen/f32-rdmax-2p2x-neon-u32.c.o
[460/1001] Building C object backends/xnnpack/third-party/XNNPACK/CMakeFiles/xnnpack-microkernels-prod.dir/src/f32-rdsum/gen/f32-rdsum-7p7x-minmax-scalar.c.o
[461/1001] Building C object backends/xnnpack/third-party/XNNPACK/CMakeFiles/xnnpack-microkernels-prod.dir/src/f32-rdminmax/gen/f32-rdmin-2p2x-neon-u32.c.o
[462/1001] Building C object backends/xnnpack/third-party/XNNPACK/CMakeFiles/xnnpack-microkernels-prod.dir/src/f32-rdsum2/gen/f32-rdsum2-7p7x-minmax-scalar.c.o
[463/1001] Building C object backends/xnnpack/third-party/XNNPACK/CMakeFiles/xnnpack-microkernels-prod.dir/src/f32-rdsum/gen/f32-rdsum-7p7x-minmax-neon-u16.c.o
[464/1001] Building C object backends/xnnpack/third-party/XNNPACK/CMakeFiles/xnnpack-microkernels-prod.dir/src/f32-rminmax/gen/f32-rmax-scalar-u4-acc4.c.o
[465/1001] Building C object backends/xnnpack/third-party/XNNPACK/CMakeFiles/xnnpack-microkernels-prod.dir/src/f32-rminmax/gen/f32-rmin-scalar-u4-acc4.c.o
[466/1001] Building C object backends/xnnpack/third-party/XNNPACK/CMakeFiles/xnnpack-microkernels-prod.dir/src/f32-rminmax/gen/f32-rmax-neon-u16-acc4.c.o
[467/1001] Building C object backends/xnnpack/third-party/XNNPACK/CMakeFiles/xnnpack-microkernels-prod.dir/src/f32-rminmax/gen/f32-rminmax-scalar-u4-acc4.c.o
[468/1001] Building C object backends/xnnpack/third-party/XNNPACK/CMakeFiles/xnnpack-microkernels-prod.dir/src/f32-rminmax/gen/f32-rmin-neon-u16-acc4.c.o
[469/1001] Building C object backends/xnnpack/third-party/XNNPACK/CMakeFiles/xnnpack-microkernels-prod.dir/src/f32-rminmax/gen/f32-rminmax-neon-u16-acc4.c.o
[470/1001] Building C object backends/xnnpack/third-party/XNNPACK/CMakeFiles/xnnpack-microkernels-prod.dir/src/f32-rsum/gen/f32-rsum-scalar-u4-acc4.c.o
[471/1001] Building C object backends/xnnpack/third-party/XNNPACK/CMakeFiles/xnnpack-microkernels-prod.dir/src/f32-rdsum2/gen/f32-rdsum2-7p7x-minmax-neon.c.o
[472/1001] Building C object backends/xnnpack/third-party/XNNPACK/CMakeFiles/xnnpack-microkernels-prod.dir/src/f32-rsum/gen/f32-rsum-neon-u16-acc4.c.o
[473/1001] Building C object backends/xnnpack/third-party/XNNPACK/CMakeFiles/xnnpack-microkernels-prod.dir/src/f32-rsum2/gen/f32-rsum2-scalar-u1.c.o
[474/1001] Building C object backends/xnnpack/third-party/XNNPACK/CMakeFiles/xnnpack-microkernels-prod.dir/src/f32-spmm/gen/f32-spmm-8x1-minmax-scalar.c.o
[475/1001] Building C object backends/xnnpack/third-party/XNNPACK/CMakeFiles/xnnpack-microkernels-prod.dir/src/f32-rsum2/gen/f32-rsum2-neon.c.o
[476/1001] Building C object backends/xnnpack/third-party/XNNPACK/CMakeFiles/xnnpack-microkernels-prod.dir/src/f32-spmm/gen/f32-spmm-32x1-minmax-neon.c.o
[477/1001] Building C object backends/xnnpack/third-party/XNNPACK/CMakeFiles/xnnpack-microkernels-prod.dir/src/f32-spmm/gen/f32-spmm-32x1-minmax-neonfma-pipelined.c.o
[478/1001] Building C object backends/xnnpack/third-party/XNNPACK/CMakeFiles/xnnpack-microkernels-prod.dir/src/f32-spmm/gen/f32-spmm-8x2-minmax-scalar.c.o
[479/1001] Building C object backends/xnnpack/third-party/XNNPACK/CMakeFiles/xnnpack-microkernels-prod.dir/src/f32-spmm/gen/f32-spmm-32x2-minmax-aarch64-neonfma.c.o
[480/1001] Building C object backends/xnnpack/third-party/XNNPACK/CMakeFiles/xnnpack-microkernels-prod.dir/src/f32-spmm/gen/f32-spmm-8x4-minmax-scalar.c.o
[481/1001] Building C object backends/xnnpack/third-party/XNNPACK/CMakeFiles/xnnpack-microkernels-prod.dir/src/f32-spmm/gen/f32-spmm-32x4-minmax-aarch64-neonfma.c.o
[482/1001] Building C object backends/xnnpack/third-party/XNNPACK/CMakeFiles/xnnpack-microkernels-prod.dir/src/f32-vapproxgelu/gen/f32-vapproxgelu-scalar-rational-12-10-div.c.o
[483/1001] Building C object backends/xnnpack/third-party/XNNPACK/CMakeFiles/xnnpack-microkernels-prod.dir/src/f32-vapproxgelu/gen/f32-vapproxgelu-neon-rational-12-10-div.c.o
[484/1001] Generating code for kernel registration
[485/1001] Building C object backends/xnnpack/third-party/XNNPACK/CMakeFiles/xnnpack-microkernels-prod.dir/src/f32-vbinary/gen/f32-vaddc-scalar-u8.c.o
[486/1001] Building C object backends/xnnpack/third-party/XNNPACK/CMakeFiles/xnnpack-microkernels-prod.dir/src/f32-vbinary/gen/f32-vdiv-scalar-u2.c.o
[487/1001] Building C object backends/xnnpack/third-party/XNNPACK/CMakeFiles/xnnpack-microkernels-prod.dir/src/f32-vbinary/gen/f32-vaddc-neon-u8.c.o
[488/1001] Building C object backends/xnnpack/third-party/XNNPACK/CMakeFiles/xnnpack-microkernels-prod.dir/src/f32-vbinary/gen/f32-vdivc-aarch64-neon-u8.c.o
[489/1001] Building C object backends/xnnpack/third-party/XNNPACK/CMakeFiles/xnnpack-microkernels-prod.dir/src/f32-vbinary/gen/f32-vdiv-aarch64-neon-u8.c.o
[490/1001] Building C object backends/xnnpack/third-party/XNNPACK/CMakeFiles/xnnpack-microkernels-prod.dir/src/f32-vbinary/gen/f32-vadd-neon-u8.c.o
[491/1001] Building C object backends/xnnpack/third-party/XNNPACK/CMakeFiles/xnnpack-microkernels-prod.dir/src/f32-vbinary/gen/f32-vadd-scalar-u8.c.o
[492/1001] Building C object backends/xnnpack/third-party/XNNPACK/CMakeFiles/xnnpack-microkernels-prod.dir/src/f32-vbinary/gen/f32-vdivc-scalar-u2.c.o
[493/1001] Building C object backends/xnnpack/third-party/XNNPACK/CMakeFiles/xnnpack-microkernels-prod.dir/src/f32-vbinary/gen/f32-vmax-scalar-u8.c.o
[494/1001] Building C object backends/xnnpack/third-party/XNNPACK/CMakeFiles/xnnpack-microkernels-prod.dir/src/f32-vbinary/gen/f32-vmaxc-scalar-u8.c.o
[495/1001] Building C object backends/xnnpack/third-party/XNNPACK/CMakeFiles/xnnpack-microkernels-prod.dir/src/f32-vbinary/gen/f32-vmax-neon-u8.c.o
[496/1001] Building C object backends/xnnpack/third-party/XNNPACK/CMakeFiles/xnnpack-microkernels-prod.dir/src/f32-vbinary/gen/f32-vmaxc-neon-u8.c.o
[497/1001] Building C object backends/xnnpack/third-party/XNNPACK/CMakeFiles/xnnpack-microkernels-prod.dir/src/f32-vbinary/gen/f32-vmin-scalar-u8.c.o
[498/1001] Building C object backends/xnnpack/third-party/XNNPACK/CMakeFiles/xnnpack-microkernels-prod.dir/src/f32-vbinary/gen/f32-vminc-scalar-u8.c.o
[499/1001] Building C object backends/xnnpack/third-party/XNNPACK/CMakeFiles/xnnpack-microkernels-prod.dir/src/f32-vbinary/gen/f32-vmin-neon-u8.c.o
[500/1001] Building C object backends/xnnpack/third-party/XNNPACK/CMakeFiles/xnnpack-microkernels-prod.dir/src/f32-vbinary/gen/f32-vminc-neon-u8.c.o
[501/1001] Building C object backends/xnnpack/third-party/XNNPACK/CMakeFiles/xnnpack-microkernels-prod.dir/src/f32-vbinary/gen/f32-vmul-scalar-u8.c.o
[502/1001] Building C object backends/xnnpack/third-party/XNNPACK/CMakeFiles/xnnpack-microkernels-prod.dir/src/f32-vbinary/gen/f32-vmulc-scalar-u8.c.o
[503/1001] Building C object backends/xnnpack/third-party/XNNPACK/CMakeFiles/xnnpack-microkernels-prod.dir/src/f32-vbinary/gen/f32-vmul-neon-u8.c.o
[504/1001] Building C object backends/xnnpack/third-party/XNNPACK/CMakeFiles/xnnpack-microkernels-prod.dir/src/f32-vbinary/gen/f32-vprelu-scalar-u8.c.o
[505/1001] Building C object backends/xnnpack/third-party/XNNPACK/CMakeFiles/xnnpack-microkernels-prod.dir/src/f32-vbinary/gen/f32-vmulc-neon-u8.c.o
[506/1001] Building C object backends/xnnpack/third-party/XNNPACK/CMakeFiles/xnnpack-microkernels-prod.dir/src/f32-vbinary/gen/f32-vpreluc-scalar-u8.c.o
[507/1001] Building C object backends/xnnpack/third-party/XNNPACK/CMakeFiles/xnnpack-microkernels-prod.dir/src/f32-vbinary/gen/f32-vrdivc-scalar-u2.c.o
[508/1001] Building C object backends/xnnpack/third-party/XNNPACK/CMakeFiles/xnnpack-microkernels-prod.dir/src/f32-vbinary/gen/f32-vprelu-neon-u8.c.o
[509/1001] Building C object backends/xnnpack/third-party/XNNPACK/CMakeFiles/xnnpack-microkernels-prod.dir/src/f32-vbinary/gen/f32-vpreluc-neon-u8.c.o
[510/1001] Building C object backends/xnnpack/third-party/XNNPACK/CMakeFiles/xnnpack-microkernels-prod.dir/src/f32-vbinary/gen/f32-vrpreluc-scalar-u8.c.o
[511/1001] Building C object backends/xnnpack/third-party/XNNPACK/CMakeFiles/xnnpack-microkernels-prod.dir/src/f32-vbinary/gen/f32-vrdivc-aarch64-neon-u8.c.o
[512/1001] Building C object backends/xnnpack/third-party/XNNPACK/CMakeFiles/xnnpack-microkernels-prod.dir/src/f32-vbinary/gen/f32-vrpreluc-neon-u8.c.o
[513/1001] Building C object backends/xnnpack/third-party/XNNPACK/CMakeFiles/xnnpack-microkernels-prod.dir/src/f32-vbinary/gen/f32-vrsubc-scalar-u8.c.o
[514/1001] Building C object backends/xnnpack/third-party/XNNPACK/CMakeFiles/xnnpack-microkernels-prod.dir/src/f32-vbinary/gen/f32-vsqrdiff-scalar-u8.c.o
[515/1001] Building C object backends/xnnpack/third-party/XNNPACK/CMakeFiles/xnnpack-microkernels-prod.dir/src/f32-vbinary/gen/f32-vrsubc-neon-u8.c.o
[516/1001] Building C object backends/xnnpack/third-party/XNNPACK/CMakeFiles/xnnpack-microkernels-prod.dir/src/f32-vbinary/gen/f32-vsqrdiffc-scalar-u8.c.o
[517/1001] Building C object backends/xnnpack/third-party/XNNPACK/CMakeFiles/xnnpack-microkernels-prod.dir/src/f32-vbinary/gen/f32-vsqrdiff-neon-u8.c.o
[518/1001] Building C object backends/xnnpack/third-party/XNNPACK/CMakeFiles/xnnpack-microkernels-prod.dir/src/f32-vbinary/gen/f32-vsub-scalar-u8.c.o
[519/1001] Building C object backends/xnnpack/third-party/XNNPACK/CMakeFiles/xnnpack-microkernels-prod.dir/src/f32-vbinary/gen/f32-vsqrdiffc-neon-u8.c.o
[520/1001] Building C object backends/xnnpack/third-party/XNNPACK/CMakeFiles/xnnpack-microkernels-prod.dir/src/f32-vbinary/gen/f32-vsubc-scalar-u8.c.o
[521/1001] Building C object backends/xnnpack/third-party/XNNPACK/CMakeFiles/xnnpack-microkernels-prod.dir/src/f32-vbinary/gen/f32-vsub-neon-u8.c.o
[522/1001] Building C object backends/xnnpack/third-party/XNNPACK/CMakeFiles/xnnpack-microkernels-prod.dir/src/f32-vbinary/gen/f32-vsubc-neon-u8.c.o
[523/1001] Building C object backends/xnnpack/third-party/XNNPACK/CMakeFiles/xnnpack-microkernels-prod.dir/src/f32-vclamp/gen/f32-vclamp-scalar.c.o
[524/1001] Building C object backends/xnnpack/third-party/XNNPACK/CMakeFiles/xnnpack-microkernels-prod.dir/src/f32-vcmul/gen/f32-vcmul-scalar-u4.c.o
[525/1001] Building C object backends/xnnpack/third-party/XNNPACK/CMakeFiles/xnnpack-microkernels-prod.dir/src/f32-vclamp/gen/f32-vclamp-neon.c.o
[526/1001] Building C object backends/xnnpack/third-party/XNNPACK/CMakeFiles/xnnpack-microkernels-prod.dir/src/f32-vcmul/gen/f32-vcmul-neon-u8.c.o
[527/1001] Building C object backends/xnnpack/third-party/XNNPACK/CMakeFiles/xnnpack-microkernels-prod.dir/src/f32-vcopysign/gen/f32-vcopysign-scalar.c.o
[528/1001] Building C object backends/xnnpack/third-party/XNNPACK/CMakeFiles/xnnpack-microkernels-prod.dir/src/f32-vcopysign/gen/f32-vcopysign-neon.c.o
[529/1001] Building C object backends/xnnpack/third-party/XNNPACK/CMakeFiles/xnnpack-microkernels-prod.dir/src/f32-vcopysign/gen/f32-vcopysignc-scalar.c.o
[530/1001] Building C object backends/xnnpack/third-party/XNNPACK/CMakeFiles/xnnpack-microkernels-prod.dir/src/f32-vcopysign/gen/f32-vcopysignc-neon.c.o
[531/1001] Building C object backends/xnnpack/third-party/XNNPACK/CMakeFiles/xnnpack-microkernels-prod.dir/src/f32-vcopysign/gen/f32-vrcopysignc-scalar.c.o
[532/1001] Building C object backends/xnnpack/third-party/XNNPACK/CMakeFiles/xnnpack-microkernels-prod.dir/src/f32-vcopysign/gen/f32-vrcopysignc-neon.c.o
[533/1001] Building C object backends/xnnpack/third-party/XNNPACK/CMakeFiles/xnnpack-microkernels-prod.dir/src/f32-vcos/gen/f32-vcos-scalar-rational-5-4-div.c.o
[534/1001] Building C object backends/xnnpack/third-party/XNNPACK/CMakeFiles/xnnpack-microkernels-prod.dir/src/f32-vcos/gen/f32-vcos-neon-rational-5-4-div.c.o
[535/1001] Building C object backends/xnnpack/third-party/XNNPACK/CMakeFiles/xnnpack-microkernels-prod.dir/src/f32-velu/gen/f32-velu-neon-rr2-lut16-p3-u8.c.o
[536/1001] Building C object backends/xnnpack/third-party/XNNPACK/CMakeFiles/xnnpack-microkernels-prod.dir/src/f32-velu/gen/f32-velu-scalar-rr2-lut16-p3-u4.c.o
[537/1001] Building C object backends/xnnpack/third-party/XNNPACK/CMakeFiles/xnnpack-microkernels-prod.dir/src/f32-velu/gen/f32-velu-neonfma-rr1-lut16-p3-u16.c.o
[538/1001] Building C object backends/xnnpack/third-party/XNNPACK/CMakeFiles/xnnpack-microkernels-prod.dir/src/f32-velu/gen/f32-velu-neonfma-rr1-p6-u8.c.o
[539/1001] Building C object backends/xnnpack/third-party/XNNPACK/CMakeFiles/xnnpack-microkernels-prod.dir/src/f32-vexp/gen/f32-vexp-scalar-rational-3-2-div.c.o
[540/1001] Building C object backends/xnnpack/third-party/XNNPACK/CMakeFiles/xnnpack-microkernels-prod.dir/src/f32-vexp/gen/f32-vexp-neon-rational-3-2-div.c.o
[541/1001] Building C object backends/xnnpack/third-party/XNNPACK/CMakeFiles/xnnpack-microkernels-prod.dir/src/f32-vhswish/gen/f32-vhswish-scalar.c.o
[542/1001] Building C object backends/xnnpack/third-party/XNNPACK/CMakeFiles/xnnpack-microkernels-prod.dir/src/f32-vgelu/gen/f32-vgelu-scalar-rational-12-10-div.c.o
[543/1001] Building C object backends/xnnpack/third-party/XNNPACK/CMakeFiles/xnnpack-microkernels-prod.dir/src/f32-vhswish/gen/f32-vhswish-neon.c.o
[544/1001] Building C object backends/xnnpack/third-party/XNNPACK/CMakeFiles/xnnpack-microkernels-prod.dir/src/f32-vgelu/gen/f32-vgelu-neon-rational-12-10-div.c.o
[545/1001] Building C object backends/xnnpack/third-party/XNNPACK/CMakeFiles/xnnpack-microkernels-prod.dir/src/f32-vlrelu/gen/f32-vlrelu-scalar-u4.c.o
[546/1001] Building C object backends/xnnpack/third-party/XNNPACK/CMakeFiles/xnnpack-microkernels-prod.dir/src/f32-vlog/gen/f32-vlog-neon-rational-3-3-div.c.o
[547/1001] Building C object backends/xnnpack/third-party/XNNPACK/CMakeFiles/xnnpack-microkernels-prod.dir/src/f32-vlog/gen/f32-vlog-scalar-rational-3-3-div.c.o
[548/1001] Building C object backends/xnnpack/third-party/XNNPACK/CMakeFiles/xnnpack-microkernels-prod.dir/src/f32-vlrelu/gen/f32-vlrelu-neon-u8.c.o
[549/1001] Building C object backends/xnnpack/third-party/XNNPACK/CMakeFiles/xnnpack-microkernels-prod.dir/src/f32-vmulcaddc/gen/f32-vmulcaddc-c1-minmax-scalar-2x.c.o
[550/1001] Building C object backends/xnnpack/third-party/XNNPACK/CMakeFiles/xnnpack-microkernels-prod.dir/src/f32-vmulcaddc/gen/f32-vmulcaddc-c4-minmax-neon-2x.c.o
[551/1001] Building C object backends/xnnpack/third-party/XNNPACK/CMakeFiles/xnnpack-microkernels-prod.dir/src/f32-vmulcaddc/gen/f32-vmulcaddc-c4-minmax-neonfma-2x.c.o
[552/1001] Building C object backends/xnnpack/third-party/XNNPACK/CMakeFiles/xnnpack-microkernels-prod.dir/src/f32-vrnd/gen/f32-vrndd-scalar-libm-u1.c.o
[553/1001] Building C object backends/xnnpack/third-party/XNNPACK/CMakeFiles/xnnpack-microkernels-prod.dir/src/f32-vrnd/gen/f32-vrndd-neon-u8.c.o
[554/1001] Building C object backends/xnnpack/third-party/XNNPACK/CMakeFiles/xnnpack-microkernels-prod.dir/src/f32-vrnd/gen/f32-vrndne-scalar-libm-u1.c.o
[555/1001] Building C object backends/xnnpack/third-party/XNNPACK/CMakeFiles/xnnpack-microkernels-prod.dir/src/f32-vrnd/gen/f32-vrndd-neonv8-u8.c.o
[556/1001] Building C object backends/xnnpack/third-party/XNNPACK/CMakeFiles/xnnpack-microkernels-prod.dir/src/f32-vrnd/gen/f32-vrndne-neon-u8.c.o
[557/1001] Building C object backends/xnnpack/third-party/XNNPACK/CMakeFiles/xnnpack-microkernels-prod.dir/src/f32-vrnd/gen/f32-vrndne-neonv8-u8.c.o
[558/1001] Building C object backends/xnnpack/third-party/XNNPACK/CMakeFiles/xnnpack-microkernels-prod.dir/src/f32-vrnd/gen/f32-vrndu-scalar-libm-u1.c.o
[559/1001] Building C object backends/xnnpack/third-party/XNNPACK/CMakeFiles/xnnpack-microkernels-prod.dir/src/f32-vrnd/gen/f32-vrndu-neon-u8.c.o
[560/1001] Building C object backends/xnnpack/third-party/XNNPACK/CMakeFiles/xnnpack-microkernels-prod.dir/src/f32-vrnd/gen/f32-vrndu-neonv8-u8.c.o
[561/1001] Building C object backends/xnnpack/third-party/XNNPACK/CMakeFiles/xnnpack-microkernels-prod.dir/src/f32-vrnd/gen/f32-vrndz-scalar-libm-u1.c.o
[562/1001] Building C object backends/xnnpack/third-party/XNNPACK/CMakeFiles/xnnpack-microkernels-prod.dir/src/f32-vrnd/gen/f32-vrndz-neon-u8.c.o
[563/1001] Building C object backends/xnnpack/third-party/XNNPACK/CMakeFiles/xnnpack-microkernels-prod.dir/src/f32-vrnd/gen/f32-vrndz-neonv8-u8.c.o
[564/1001] Building C object backends/xnnpack/third-party/XNNPACK/CMakeFiles/xnnpack-microkernels-prod.dir/src/f32-vrsqrt/gen/f32-vrsqrt-scalar-rsqrt-u1.c.o
[565/1001] Building C object backends/xnnpack/third-party/XNNPACK/CMakeFiles/xnnpack-microkernels-prod.dir/src/f32-vrsqrt/gen/f32-vrsqrt-scalar-sqrt.c.o
[566/1001] Building C object backends/xnnpack/third-party/XNNPACK/CMakeFiles/xnnpack-microkernels-prod.dir/src/f32-vrsqrt/gen/f32-vrsqrt-neon-rsqrt.c.o
[567/1001] Building C object backends/xnnpack/third-party/XNNPACK/CMakeFiles/xnnpack-microkernels-prod.dir/src/f32-vsigmoid/gen/f32-vsigmoid-scalar-rr2-lut64-p2-div-u2.c.o
[568/1001] Building C object backends/xnnpack/third-party/XNNPACK/CMakeFiles/xnnpack-microkernels-prod.dir/src/f32-vsigmoid/gen/f32-vsigmoid-neon-rr2-lut64-p2-nr2recps-u8.c.o
[569/1001] Building C object backends/xnnpack/third-party/XNNPACK/CMakeFiles/xnnpack-microkernels-prod.dir/src/f32-vsigmoid/gen/f32-vsigmoid-neonfma-rr1-lut64-p2-nr2recps-u16.c.o
[570/1001] Building C object backends/xnnpack/third-party/XNNPACK/CMakeFiles/xnnpack-microkernels-prod.dir/src/f32-vsqrt/gen/f32-vsqrt-scalar-sqrt.c.o
[571/1001] Building C object backends/xnnpack/third-party/XNNPACK/CMakeFiles/xnnpack-microkernels-prod.dir/src/f32-vsin/gen/f32-vsin-scalar-rational-5-4-div.c.o
[572/1001] Building C object backends/xnnpack/third-party/XNNPACK/CMakeFiles/xnnpack-microkernels-prod.dir/src/f32-vsin/gen/f32-vsin-neon-rational-5-4-div.c.o
[573/1001] Building C object backends/xnnpack/third-party/XNNPACK/CMakeFiles/xnnpack-microkernels-prod.dir/src/f32-vsqrt/gen/f32-vsqrt-aarch64-neon-sqrt.c.o
[574/1001] Building C object backends/xnnpack/third-party/XNNPACK/CMakeFiles/xnnpack-microkernels-prod.dir/src/f32-vtanh/gen/f32-vtanh-scalar-rational-9-8-div.c.o
[575/1001] Building C object backends/xnnpack/third-party/XNNPACK/CMakeFiles/xnnpack-microkernels-prod.dir/src/f32-vunary/gen/f32-vabs-scalar.c.o
[576/1001] Building C object backends/xnnpack/third-party/XNNPACK/CMakeFiles/xnnpack-microkernels-prod.dir/src/f32-vunary/gen/f32-vabs-neon.c.o
[577/1001] Building C object backends/xnnpack/third-party/XNNPACK/CMakeFiles/xnnpack-microkernels-prod.dir/src/f32-vtanh/gen/f32-vtanh-neon-rational-9-8-div.c.o
[578/1001] Building CXX object kernels/portable/CMakeFiles/portable_ops_lib.dir/portable_ops_lib/RegisterCodegenUnboxedKernelsEverything.cpp.o
[579/1001] Building C object backends/xnnpack/third-party/XNNPACK/CMakeFiles/xnnpack-microkernels-prod.dir/src/f32-vunary/gen/f32-vneg-scalar.c.o
[580/1001] Building C object backends/xnnpack/third-party/XNNPACK/CMakeFiles/xnnpack-microkernels-prod.dir/src/f32-vunary/gen/f32-vneg-neon.c.o
[581/1001] Building C object backends/xnnpack/third-party/XNNPACK/CMakeFiles/xnnpack-microkernels-prod.dir/src/f32-vunary/gen/f32-vsqr-scalar.c.o
[582/1001] Building C object backends/xnnpack/third-party/XNNPACK/CMakeFiles/xnnpack-microkernels-prod.dir/src/f32-vunary/gen/f32-vsqr-neon.c.o
[583/1001] Building C object backends/xnnpack/third-party/XNNPACK/CMakeFiles/xnnpack-microkernels-prod.dir/src/qd8-f16-qc2w-gemm/gen/qd8-f16-qc2w-gemm-1x2-minmax-scalar.c.o
[584/1001] Building ASM object backends/xnnpack/third-party/XNNPACK/CMakeFiles/xnnpack-microkernels-prod.dir/src/qd8-f16-qc8w-gemm/gen/qd8-f16-qc8w-gemm-4x16c4-minmax-asm-aarch64-neondot-ld128.S.o
[585/1001] Building ASM object backends/xnnpack/third-party/XNNPACK/CMakeFiles/xnnpack-microkernels-prod.dir/src/qd8-f16-qc8w-gemm/gen/qd8-f16-qc8w-gemm-4x16c4-minmax-asm-aarch64-neondotfp16arith-cortex-a55.S.o
[586/1001] Linking CXX static library kernels\portable\libportable_ops_lib.a
[587/1001] Building ASM object backends/xnnpack/third-party/XNNPACK/CMakeFiles/xnnpack-microkernels-prod.dir/src/qd8-f16-qc8w-igemm/gen/qd8-f16-qc8w-igemm-4x16c4-minmax-asm-aarch64-neondot-cortex-a55.S.o
[588/1001] Building ASM object backends/xnnpack/third-party/XNNPACK/CMakeFiles/xnnpack-microkernels-prod.dir/src/qd8-f16-qc8w-igemm/gen/qd8-f16-qc8w-igemm-4x16c4-minmax-asm-aarch64-neondot-ld128.S.o
[589/1001] Building C object backends/xnnpack/third-party/XNNPACK/CMakeFiles/xnnpack-microkernels-prod.dir/src/qd8-f32-qb4w-gemm/gen/qd8-f32-qb4w-gemm-1x4-minmax-scalar.c.o
[590/1001] Building C object backends/xnnpack/third-party/XNNPACK/CMakeFiles/xnnpack-microkernels-prod.dir/src/qd8-f32-qb4w-gemm/gen/qd8-f32-qb4w-gemm-4x4-minmax-scalar.c.o
[591/1001] Building C object backends/xnnpack/third-party/XNNPACK/CMakeFiles/xnnpack-microkernels-prod.dir/src/qd8-f32-qb4w-gemm/gen/qd8-f32-qb4w-gemm-1x16-minmax-neon-mlal-lane.c.o
[592/1001] Building C object backends/xnnpack/third-party/XNNPACK/CMakeFiles/xnnpack-microkernels-prod.dir/src/qd8-f32-qc2w-gemm/gen/qd8-f32-qc2w-gemm-1x2-minmax-scalar.c.o
[593/1001] Building C object backends/xnnpack/third-party/XNNPACK/CMakeFiles/xnnpack-microkernels-prod.dir/src/qd8-f32-qc4w-gemm/gen/qd8-f32-qc4w-gemm-1x4-minmax-scalar.c.o
[594/1001] Building C object backends/xnnpack/third-party/XNNPACK/CMakeFiles/xnnpack-microkernels-prod.dir/src/qd8-f32-qc4w-gemm/gen/qd8-f32-qc4w-gemm-4x4-minmax-scalar.c.o
[595/1001] Building C object backends/xnnpack/third-party/XNNPACK/CMakeFiles/xnnpack-microkernels-prod.dir/src/qd8-f32-qc4w-gemm/gen/qd8-f32-qc4w-gemm-1x16-minmax-neon-mlal-lane.c.o
[596/1001] Building C object backends/xnnpack/third-party/XNNPACK/CMakeFiles/xnnpack-microkernels-prod.dir/src/qd8-f32-qc8w-gemm/gen/qd8-f32-qc8w-gemm-1x2-minmax-scalar.c.o
[597/1001] Building C object backends/xnnpack/third-party/XNNPACK/CMakeFiles/xnnpack-microkernels-prod.dir/src/qd8-f32-qc8w-gemm/gen/qd8-f32-qc8w-gemm-1x4-minmax-scalar.c.o
[598/1001] Building C object backends/xnnpack/third-party/XNNPACK/CMakeFiles/xnnpack-microkernels-prod.dir/src/qd8-f32-qc8w-gemm/gen/qd8-f32-qc8w-gemm-1x16-minmax-neon-mlal-lane-prfm.c.o
[599/1001] Building C object backends/xnnpack/third-party/XNNPACK/CMakeFiles/xnnpack-microkernels-prod.dir/src/qd8-f32-qb4w-gemm/gen/qd8-f32-qb4w-gemm-6x16-minmax-neon-mlal-lane.c.o
[600/1001] Building C object backends/xnnpack/third-party/XNNPACK/CMakeFiles/xnnpack-microkernels-prod.dir/src/qd8-f32-qc8w-gemm/gen/qd8-f32-qc8w-gemm-1x8c2s4-minmax-neon-mlal.c.o
[601/1001] Building ASM object backends/xnnpack/third-party/XNNPACK/CMakeFiles/xnnpack-microkernels-prod.dir/src/qd8-f32-qc8w-gemm/gen/qd8-f32-qc8w-gemm-4x16c4-minmax-asm-aarch64-neondot-cortex-a55.S.o
[602/1001] Building C object backends/xnnpack/third-party/XNNPACK/CMakeFiles/xnnpack-microkernels-prod.dir/src/qd8-f32-qc4w-gemm/gen/qd8-f32-qc4w-gemm-6x16-minmax-neon-mlal-lane.c.o
[603/1001] Building C object backends/xnnpack/third-party/XNNPACK/CMakeFiles/xnnpack-microkernels-prod.dir/src/qd8-f32-qc8w-gemm/gen/qd8-f32-qc8w-gemm-2x8c2s4-minmax-neon-mlal.c.o
[604/1001] Building ASM object backends/xnnpack/third-party/XNNPACK/CMakeFiles/xnnpack-microkernels-prod.dir/src/qd8-f32-qc8w-gemm/gen/qd8-f32-qc8w-gemm-4x16c4-minmax-asm-aarch64-neondot-ld128.S.o
[605/1001] Building C object backends/xnnpack/third-party/XNNPACK/CMakeFiles/xnnpack-microkernels-prod.dir/src/qd8-f32-qc8w-igemm/gen/qd8-f32-qc8w-igemm-1x2-minmax-scalar.c.o
[606/1001] Building C object backends/xnnpack/third-party/XNNPACK/CMakeFiles/xnnpack-microkernels-prod.dir/src/qd8-f32-qc8w-gemm/gen/qd8-f32-qc8w-gemm-4x4-minmax-scalar.c.o
[607/1001] Building C object backends/xnnpack/third-party/XNNPACK/CMakeFiles/xnnpack-microkernels-prod.dir/src/qd8-f32-qc8w-igemm/gen/qd8-f32-qc8w-igemm-1x4-minmax-scalar.c.o
[608/1001] Building C object backends/xnnpack/third-party/XNNPACK/CMakeFiles/xnnpack-microkernels-prod.dir/src/qd8-f32-qc8w-gemm/gen/qd8-f32-qc8w-gemm-4x16-minmax-neon-mlal-lane-prfm.c.o
[609/1001] Building C object backends/xnnpack/third-party/XNNPACK/CMakeFiles/xnnpack-microkernels-prod.dir/src/qd8-f32-qc8w-igemm/gen/qd8-f32-qc8w-igemm-1x16-minmax-neon-mlal-lane-prfm.c.o
[610/1001] Building C object backends/xnnpack/third-party/XNNPACK/CMakeFiles/xnnpack-microkernels-prod.dir/src/qd8-f32-qc8w-igemm/gen/qd8-f32-qc8w-igemm-1x8-minmax-neon-mlal-lane.c.o
[611/1001] Building ASM object backends/xnnpack/third-party/XNNPACK/CMakeFiles/xnnpack-microkernels-prod.dir/src/qd8-f32-qc8w-igemm/gen/qd8-f32-qc8w-igemm-4x16c4-minmax-asm-aarch64-neondot-cortex-a55.S.o
[612/1001] Building ASM object backends/xnnpack/third-party/XNNPACK/CMakeFiles/xnnpack-microkernels-prod.dir/src/qd8-f32-qc8w-igemm/gen/qd8-f32-qc8w-igemm-4x16c4-minmax-asm-aarch64-neondot-ld128.S.o
[613/1001] Building C object backends/xnnpack/third-party/XNNPACK/CMakeFiles/xnnpack-microkernels-prod.dir/src/qd8-f32-qc8w-igemm/gen/qd8-f32-qc8w-igemm-1x8c2s4-minmax-neon-mlal.c.o
[614/1001] Building C object backends/xnnpack/third-party/XNNPACK/CMakeFiles/xnnpack-microkernels-prod.dir/src/qd8-f32-qc8w-igemm/gen/qd8-f32-qc8w-igemm-2x8c2s4-minmax-neon-mlal.c.o
[615/1001] Building C object backends/xnnpack/third-party/XNNPACK/CMakeFiles/xnnpack-microkernels-prod.dir/src/qd8-f32-qc8w-igemm/gen/qd8-f32-qc8w-igemm-4x4-minmax-scalar.c.o
[616/1001] Building C object backends/xnnpack/third-party/XNNPACK/CMakeFiles/xnnpack-microkernels-prod.dir/src/qs8-dwconv/gen/qs8-dwconv-25p1c-minmax-fp32-scalar-fmagic.c.o
[617/1001] Building C object backends/xnnpack/third-party/XNNPACK/CMakeFiles/xnnpack-microkernels-prod.dir/src/qd8-f32-qc8w-igemm/gen/qd8-f32-qc8w-igemm-4x16-minmax-neon-mlal-lane-prfm.c.o
[618/1001] Building C object backends/xnnpack/third-party/XNNPACK/CMakeFiles/xnnpack-microkernels-prod.dir/src/qd8-f32-qc8w-igemm/gen/qd8-f32-qc8w-igemm-4x8-minmax-neon-mlal-lane.c.o
[619/1001] Building C object backends/xnnpack/third-party/XNNPACK/CMakeFiles/xnnpack-microkernels-prod.dir/src/qs8-dwconv/gen/qs8-dwconv-25p2c-minmax-fp32-scalar-lrintf.c.o
[620/1001] Building C object backends/xnnpack/third-party/XNNPACK/CMakeFiles/xnnpack-microkernels-prod.dir/src/qs8-dwconv/gen/qs8-dwconv-9p1c-minmax-fp32-scalar-fmagic.c.o
[621/1001] Building C object backends/xnnpack/third-party/XNNPACK/CMakeFiles/xnnpack-microkernels-prod.dir/src/qs8-dwconv/gen/qs8-dwconv-25p16c-minmax-rndnu-neon-mla8-ld64.c.o
[622/1001] Building C object backends/xnnpack/third-party/XNNPACK/CMakeFiles/xnnpack-microkernels-prod.dir/src/qs8-dwconv/gen/qs8-dwconv-25p8c-minmax-rndnu-neon-mla8-ld64.c.o
[623/1001] Building C object backends/xnnpack/third-party/XNNPACK/CMakeFiles/xnnpack-microkernels-prod.dir/src/qs8-dwconv/gen/qs8-dwconv-9p2c-minmax-fp32-scalar-lrintf.c.o
[624/1001] Building C object backends/xnnpack/third-party/XNNPACK/CMakeFiles/xnnpack-microkernels-prod.dir/src/qs8-dwconv/gen/qs8-dwconv-9p16c-minmax-rndnu-neon-mla8-ld64.c.o
[625/1001] Building C object backends/xnnpack/third-party/XNNPACK/CMakeFiles/xnnpack-microkernels-prod.dir/src/qs8-f32-vcvt/gen/qs8-f32-vcvt-scalar-u4.c.o
[626/1001] Building C object backends/xnnpack/third-party/XNNPACK/CMakeFiles/xnnpack-microkernels-prod.dir/src/qs8-f32-vcvt/gen/qs8-f32-vcvt-neon-u32.c.o
[627/1001] Building C object backends/xnnpack/third-party/XNNPACK/CMakeFiles/xnnpack-microkernels-prod.dir/src/qs8-qc2w-gemm/gen/qs8-qc2w-gemm-1x2-minmax-fp32-scalar-fmagic.c.o
[628/1001] Building C object backends/xnnpack/third-party/XNNPACK/CMakeFiles/xnnpack-microkernels-prod.dir/src/qs8-packw/gen/qs8-packw-x4c8-gemm-goi-scalar.c.o
[629/1001] Building C object backends/xnnpack/third-party/XNNPACK/CMakeFiles/xnnpack-microkernels-prod.dir/src/qs8-packw/gen/qs8-packw-x4c8-gemm-gio-scalar.c.o
[630/1001] Building C object backends/xnnpack/third-party/XNNPACK/CMakeFiles/xnnpack-microkernels-prod.dir/src/qs8-qc2w-gemm/gen/qs8-qc2w-gemm-1x4-minmax-fp32-scalar-fmagic.c.o
[631/1001] Building C object backends/xnnpack/third-party/XNNPACK/CMakeFiles/xnnpack-microkernels-prod.dir/src/qs8-qc2w-gemm/gen/qs8-qc2w-gemm-3x4-minmax-fp32-scalar-fmagic.c.o
[632/1001] Building C object backends/xnnpack/third-party/XNNPACK/CMakeFiles/xnnpack-microkernels-prod.dir/src/qs8-qc2w-gemm/gen/qs8-qc2w-gemm-4x4-minmax-fp32-scalar-fmagic.c.o
[633/1001] Building C object backends/xnnpack/third-party/XNNPACK/CMakeFiles/xnnpack-microkernels-prod.dir/src/qs8-packw/gen/qs8-packw-x8c8-gemm-gio-scalar.c.o
[634/1001] Building ASM object backends/xnnpack/third-party/XNNPACK/CMakeFiles/xnnpack-microkernels-prod.dir/src/qs8-qc4w-gemm/gen/qs8-qc4w-gemm-1x16-minmax-fp32-asm-aarch64-neondot-ld128.S.o
[635/1001] Building C object backends/xnnpack/third-party/XNNPACK/CMakeFiles/xnnpack-microkernels-prod.dir/src/qs8-qc4w-gemm/gen/qs8-qc4w-gemm-1x4-minmax-fp32-scalar-fmagic.c.o
[636/1001] Building C object backends/xnnpack/third-party/XNNPACK/CMakeFiles/xnnpack-microkernels-prod.dir/src/qs8-qc4w-gemm/gen/qs8-qc4w-gemm-3x4-minmax-fp32-scalar-fmagic.c.o
[637/1001] Building ASM object backends/xnnpack/third-party/XNNPACK/CMakeFiles/xnnpack-microkernels-prod.dir/src/qs8-qc4w-gemm/gen/qs8-qc4w-gemm-5x16-minmax-fp32-asm-aarch64-neondot-ld128.S.o
[638/1001] Building C object backends/xnnpack/third-party/XNNPACK/CMakeFiles/xnnpack-microkernels-prod.dir/src/qs8-qc8w-dwconv/gen/qs8-qc8w-dwconv-25p1c-minmax-fp32-scalar-fmagic.c.o
[639/1001] Building C object backends/xnnpack/third-party/XNNPACK/CMakeFiles/xnnpack-microkernels-prod.dir/src/qs8-qc8w-dwconv/gen/qs8-qc8w-dwconv-25p2c-minmax-fp32-scalar-lrintf.c.o
[640/1001] Building C object backends/xnnpack/third-party/XNNPACK/CMakeFiles/xnnpack-microkernels-prod.dir/src/qs8-qc8w-dwconv/gen/qs8-qc8w-dwconv-25p16c-minmax-fp32-neonv8-mla8-ld64.c.o
[641/1001] Building C object backends/xnnpack/third-party/XNNPACK/CMakeFiles/xnnpack-microkernels-prod.dir/src/qs8-qc8w-dwconv/gen/qs8-qc8w-dwconv-25p8c-minmax-fp32-neon-mla8-ld64.c.o
[642/1001] Building C object backends/xnnpack/third-party/XNNPACK/CMakeFiles/xnnpack-microkernels-prod.dir/src/qs8-qc8w-dwconv/gen/qs8-qc8w-dwconv-3p1c-minmax-fp32-scalar-fmagic.c.o
[643/1001] Building C object backends/xnnpack/third-party/XNNPACK/CMakeFiles/xnnpack-microkernels-prod.dir/src/qs8-qc8w-dwconv/gen/qs8-qc8w-dwconv-3p16c-minmax-fp32-neon-mla8-ld128.c.o
[644/1001] Building C object backends/xnnpack/third-party/XNNPACK/CMakeFiles/xnnpack-microkernels-prod.dir/src/qs8-qc8w-dwconv/gen/qs8-qc8w-dwconv-25p8c-minmax-fp32-neonv8-mla8-ld64.c.o
[645/1001] Building C object backends/xnnpack/third-party/XNNPACK/CMakeFiles/xnnpack-microkernels-prod.dir/src/qs8-qc8w-dwconv/gen/qs8-qc8w-dwconv-3p16c-minmax-fp32-neonv8-mla8-ld128.c.o
[646/1001] Building C object backends/xnnpack/third-party/XNNPACK/CMakeFiles/xnnpack-microkernels-prod.dir/src/qs8-qc8w-dwconv/gen/qs8-qc8w-dwconv-3p16c-minmax-fp32-neonv8-mla8-ld64.c.o
[647/1001] Building C object backends/xnnpack/third-party/XNNPACK/CMakeFiles/xnnpack-microkernels-prod.dir/src/qs8-qc8w-dwconv/gen/qs8-qc8w-dwconv-3p2c-minmax-fp32-scalar-lrintf.c.o
[648/1001] Building C object backends/xnnpack/third-party/XNNPACK/CMakeFiles/xnnpack-microkernels-prod.dir/src/qs8-qc8w-dwconv/gen/qs8-qc8w-dwconv-9p1c-minmax-fp32-scalar-fmagic.c.o
[649/1001] Building C object backends/xnnpack/third-party/XNNPACK/CMakeFiles/xnnpack-microkernels-prod.dir/src/qs8-qc8w-dwconv/gen/qs8-qc8w-dwconv-9p2c-minmax-fp32-scalar-lrintf.c.o
[650/1001] Building C object backends/xnnpack/third-party/XNNPACK/CMakeFiles/xnnpack-microkernels-prod.dir/src/qs8-qc8w-dwconv/gen/qs8-qc8w-dwconv-9p16c-minmax-fp32-neon-mla8-ld64.c.o
[651/1001] Building C object backends/xnnpack/third-party/XNNPACK/CMakeFiles/xnnpack-microkernels-prod.dir/src/qs8-qc8w-dwconv/gen/qs8-qc8w-dwconv-9p16c-minmax-fp32-neonv8-mla8-ld64.c.o
[652/1001] Building C object backends/xnnpack/third-party/XNNPACK/CMakeFiles/xnnpack-microkernels-prod.dir/src/qs8-qc8w-gemm/gen/qs8-qc8w-gemm-1x4-minmax-fp32-scalar-lrintf.c.o
[653/1001] Building C object backends/xnnpack/third-party/XNNPACK/CMakeFiles/xnnpack-microkernels-prod.dir/src/qs8-packw/gen/qs8-packw-x16c8-gemm-goi-scalar.c.o
[654/1001] Building C object backends/xnnpack/third-party/XNNPACK/CMakeFiles/xnnpack-microkernels-prod.dir/src/qs8-qc8w-gemm/gen/qs8-qc8w-gemm-1x16-minmax-fp32-neonv8-mlal-lane.c.o
[655/1001] Building ASM object backends/xnnpack/third-party/XNNPACK/CMakeFiles/xnnpack-microkernels-prod.dir/src/qs8-qc8w-gemm/gen/qs8-qc8w-gemm-1x8c8-minmax-fp32-asm-aarch64-neon-mlal-cortex-a53-prfm.S.o
[656/1001] Building ASM object backends/xnnpack/third-party/XNNPACK/CMakeFiles/xnnpack-microkernels-prod.dir/src/qs8-qc8w-gemm/gen/qs8-qc8w-gemm-1x8c8-minmax-fp32-asm-aarch64-neon-mlal-prfm.S.o
[657/1001] Building C object backends/xnnpack/third-party/XNNPACK/CMakeFiles/xnnpack-microkernels-prod.dir/src/qs8-qc8w-gemm/gen/qs8-qc8w-gemm-1x8c2s4-minmax-fp32-neon-mlal.c.o
[658/1001] Building ASM object backends/xnnpack/third-party/XNNPACK/CMakeFiles/xnnpack-microkernels-prod.dir/src/qs8-qc8w-gemm/gen/qs8-qc8w-gemm-1x8c8-minmax-fp32-asm-aarch64-neon-mlal.S.o
[659/1001] Building C object backends/xnnpack/third-party/XNNPACK/CMakeFiles/xnnpack-microkernels-prod.dir/src/qs8-qc8w-gemm/gen/qs8-qc8w-gemm-1x8c2s4-minmax-fp32-neonv8-mlal.c.o
[660/1001] Building C object backends/xnnpack/third-party/XNNPACK/CMakeFiles/xnnpack-microkernels-prod.dir/src/qs8-qc8w-gemm/gen/qs8-qc8w-gemm-2x8c2s4-minmax-fp32-neon-mlal.c.o
[661/1001] Building ASM object backends/xnnpack/third-party/XNNPACK/CMakeFiles/xnnpack-microkernels-prod.dir/src/qs8-qc8w-gemm/gen/qs8-qc8w-gemm-2x8c8-minmax-fp32-asm-aarch64-neon-mlal-cortex-a53-prfm.S.o
[662/1001] Building ASM object backends/xnnpack/third-party/XNNPACK/CMakeFiles/xnnpack-microkernels-prod.dir/src/qs8-qc8w-gemm/gen/qs8-qc8w-gemm-2x8c8-minmax-fp32-asm-aarch64-neon-mlal-prfm.S.o
[663/1001] Building ASM object backends/xnnpack/third-party/XNNPACK/CMakeFiles/xnnpack-microkernels-prod.dir/src/qs8-qc8w-gemm/gen/qs8-qc8w-gemm-2x8c8-minmax-fp32-asm-aarch64-neon-mlal.S.o
[664/1001] Building C object backends/xnnpack/third-party/XNNPACK/CMakeFiles/xnnpack-microkernels-prod.dir/src/qs8-qc8w-gemm/gen/qs8-qc8w-gemm-2x8c2s4-minmax-fp32-neonv8-mlal.c.o
[665/1001] Building ASM object backends/xnnpack/third-party/XNNPACK/CMakeFiles/xnnpack-microkernels-prod.dir/src/qs8-qc8w-gemm/gen/qs8-qc8w-gemm-4x16-minmax-fp32-asm-aarch64-neon-mlal-lane-cortex-a53-prfm.S.o
[666/1001] Building C object backends/xnnpack/third-party/XNNPACK/CMakeFiles/xnnpack-microkernels-prod.dir/src/qs8-qc8w-gemm/gen/qs8-qc8w-gemm-3x4-minmax-fp32-scalar-lrintf.c.o
[667/1001] Building ASM object backends/xnnpack/third-party/XNNPACK/CMakeFiles/xnnpack-microkernels-prod.dir/src/qs8-qc8w-gemm/gen/qs8-qc8w-gemm-4x16-minmax-fp32-asm-aarch64-neon-mlal-lane-ld64.S.o
[668/1001] Building ASM object backends/xnnpack/third-party/XNNPACK/CMakeFiles/xnnpack-microkernels-prod.dir/src/qs8-qc8w-gemm/gen/qs8-qc8w-gemm-4x16c4-minmax-fp32-asm-aarch64-neondot-cortex-a55.S.o
[669/1001] Building ASM object backends/xnnpack/third-party/XNNPACK/CMakeFiles/xnnpack-microkernels-prod.dir/src/qs8-qc8w-gemm/gen/qs8-qc8w-gemm-4x16c4-minmax-fp32-asm-aarch64-neondot-ld128.S.o
[670/1001] Building C object backends/xnnpack/third-party/XNNPACK/CMakeFiles/xnnpack-microkernels-prod.dir/src/qs8-qc8w-igemm/gen/qs8-qc8w-igemm-1x4-minmax-fp32-scalar-lrintf.c.o
[671/1001] Building C object backends/xnnpack/third-party/XNNPACK/CMakeFiles/xnnpack-microkernels-prod.dir/src/qs8-qc8w-igemm/gen/qs8-qc8w-igemm-1x16-minmax-fp32-neonv8-mlal-lane.c.o
[672/1001] Building ASM object backends/xnnpack/third-party/XNNPACK/CMakeFiles/xnnpack-microkernels-prod.dir/src/qs8-qc8w-igemm/gen/qs8-qc8w-igemm-1x8c8-minmax-fp32-asm-aarch64-neon-mlal-cortex-a53-prfm.S.o
[673/1001] Building ASM object backends/xnnpack/third-party/XNNPACK/CMakeFiles/xnnpack-microkernels-prod.dir/src/qs8-qc8w-igemm/gen/qs8-qc8w-igemm-1x8c8-minmax-fp32-asm-aarch64-neon-mlal-prfm.S.o
[674/1001] Building C object backends/xnnpack/third-party/XNNPACK/CMakeFiles/xnnpack-microkernels-prod.dir/src/qs8-qc8w-igemm/gen/qs8-qc8w-igemm-1x8c2s4-minmax-fp32-neon-mlal.c.o
[675/1001] Building ASM object backends/xnnpack/third-party/XNNPACK/CMakeFiles/xnnpack-microkernels-prod.dir/src/qs8-qc8w-igemm/gen/qs8-qc8w-igemm-1x8c8-minmax-fp32-asm-aarch64-neon-mlal.S.o
[676/1001] Building C object backends/xnnpack/third-party/XNNPACK/CMakeFiles/xnnpack-microkernels-prod.dir/src/qs8-qc8w-igemm/gen/qs8-qc8w-igemm-1x8c2s4-minmax-fp32-neonv8-mlal.c.o
[677/1001] Building ASM object backends/xnnpack/third-party/XNNPACK/CMakeFiles/xnnpack-microkernels-prod.dir/src/qs8-qc8w-igemm/gen/qs8-qc8w-igemm-2x8c8-minmax-fp32-asm-aarch64-neon-mlal-cortex-a53-prfm.S.o
[678/1001] Building C object backends/xnnpack/third-party/XNNPACK/CMakeFiles/xnnpack-microkernels-prod.dir/src/qs8-qc8w-igemm/gen/qs8-qc8w-igemm-2x8c2s4-minmax-fp32-neon-mlal.c.o
[679/1001] Building C object backends/xnnpack/third-party/XNNPACK/CMakeFiles/xnnpack-microkernels-prod.dir/src/qs8-qc8w-igemm/gen/qs8-qc8w-igemm-2x8c2s4-minmax-fp32-neonv8-mlal.c.o
[680/1001] Building ASM object backends/xnnpack/third-party/XNNPACK/CMakeFiles/xnnpack-microkernels-prod.dir/src/qs8-qc8w-igemm/gen/qs8-qc8w-igemm-2x8c8-minmax-fp32-asm-aarch64-neon-mlal-prfm.S.o
[681/1001] Building ASM object backends/xnnpack/third-party/XNNPACK/CMakeFiles/xnnpack-microkernels-prod.dir/src/qs8-qc8w-igemm/gen/qs8-qc8w-igemm-2x8c8-minmax-fp32-asm-aarch64-neon-mlal.S.o
[682/1001] Building C object backends/xnnpack/third-party/XNNPACK/CMakeFiles/xnnpack-microkernels-prod.dir/src/qs8-qc8w-igemm/gen/qs8-qc8w-igemm-3x4-minmax-fp32-scalar-lrintf.c.o
[683/1001] Building ASM object backends/xnnpack/third-party/XNNPACK/CMakeFiles/xnnpack-microkernels-prod.dir/src/qs8-qc8w-igemm/gen/qs8-qc8w-igemm-4x16-minmax-fp32-asm-aarch64-neon-mlal-lane-cortex-a53-prfm.S.o
[684/1001] Building ASM object backends/xnnpack/third-party/XNNPACK/CMakeFiles/xnnpack-microkernels-prod.dir/src/qs8-qc8w-igemm/gen/qs8-qc8w-igemm-4x16-minmax-fp32-asm-aarch64-neon-mlal-lane-ld64.S.o
[685/1001] Building ASM object backends/xnnpack/third-party/XNNPACK/CMakeFiles/xnnpack-microkernels-prod.dir/src/qs8-qc8w-igemm/gen/qs8-qc8w-igemm-4x16c4-minmax-fp32-asm-aarch64-neondot-cortex-a55.S.o
[686/1001] Building ASM object backends/xnnpack/third-party/XNNPACK/CMakeFiles/xnnpack-microkernels-prod.dir/src/qs8-qc8w-igemm/gen/qs8-qc8w-igemm-4x16c4-minmax-fp32-asm-aarch64-neondot-ld128.S.o
[687/1001] Building C object backends/xnnpack/third-party/XNNPACK/CMakeFiles/xnnpack-microkernels-prod.dir/src/qs8-rdsum/gen/qs8-rdsum-minmax-fp32-scalar-u1-acc1.c.o
[688/1001] Building C object backends/xnnpack/third-party/XNNPACK/CMakeFiles/xnnpack-microkernels-prod.dir/src/qs8-rsum/gen/qs8-rsum-scalar-u4.c.o
[689/1001] Building C object backends/xnnpack/third-party/XNNPACK/CMakeFiles/xnnpack-microkernels-prod.dir/src/qs8-rdsum/gen/qs8-rdsum-7p7x-minmax-fp32-neon-u32.c.o
[690/1001] Building C object backends/xnnpack/third-party/XNNPACK/CMakeFiles/xnnpack-microkernels-prod.dir/src/qs8-rsum/gen/qs8-rsum-neon-u32-acc2.c.o
[691/1001] Building C object backends/xnnpack/third-party/XNNPACK/CMakeFiles/xnnpack-microkernels-prod.dir/src/qs8-vadd/gen/qs8-vadd-minmax-scalar-u1.c.o
[692/1001] Building C object backends/xnnpack/third-party/XNNPACK/CMakeFiles/xnnpack-microkernels-prod.dir/src/qs8-vadd/gen/qs8-vadd-minmax-scalar-u4.c.o
[693/1001] Building C object backends/xnnpack/third-party/XNNPACK/CMakeFiles/xnnpack-microkernels-prod.dir/src/qs8-vadd/gen/qs8-vadd-minmax-neon-ld64-u16.c.o
[694/1001] Building C object backends/xnnpack/third-party/XNNPACK/CMakeFiles/xnnpack-microkernels-prod.dir/src/qs8-vadd/gen/qs8-vadd-minmax-neon-ld64-u32.c.o
[695/1001] Building C object backends/xnnpack/third-party/XNNPACK/CMakeFiles/xnnpack-microkernels-prod.dir/src/qs8-vaddc/gen/qs8-vaddc-minmax-neon-ld64-u16.c.o
[696/1001] Building C object backends/xnnpack/third-party/XNNPACK/CMakeFiles/xnnpack-microkernels-prod.dir/src/qs8-vaddc/gen/qs8-vaddc-minmax-scalar-u1.c.o
[697/1001] Building C object backends/xnnpack/third-party/XNNPACK/CMakeFiles/xnnpack-microkernels-prod.dir/src/qs8-vaddc/gen/qs8-vaddc-minmax-scalar-u4.c.o
[698/1001] Building C object backends/xnnpack/third-party/XNNPACK/CMakeFiles/xnnpack-microkernels-prod.dir/src/qs8-vaddc/gen/qs8-vaddc-minmax-neon-ld64-u32.c.o
[699/1001] Building C object backends/xnnpack/third-party/XNNPACK/CMakeFiles/xnnpack-microkernels-prod.dir/src/qs8-vcvt/gen/qs8-vcvt-scalar-u4.c.o
[700/1001] Building C object backends/xnnpack/third-party/XNNPACK/CMakeFiles/xnnpack-microkernels-prod.dir/src/qs8-vcvt/gen/qs8-vcvt-neon-u32.c.o
[701/1001] Building C object backends/xnnpack/third-party/XNNPACK/CMakeFiles/xnnpack-microkernels-prod.dir/src/qs8-vlrelu/gen/qs8-vlrelu-scalar-andxor-u4.c.o
[702/1001] Building C object backends/xnnpack/third-party/XNNPACK/CMakeFiles/xnnpack-microkernels-prod.dir/src/qs8-vmul/gen/qs8-vmul-minmax-fp32-scalar-u4.c.o
[703/1001] Building C object backends/xnnpack/third-party/XNNPACK/CMakeFiles/xnnpack-microkernels-prod.dir/src/qs8-vlrelu/gen/qs8-vlrelu-neon-u32.c.o
[704/1001] Building C object backends/xnnpack/third-party/XNNPACK/CMakeFiles/xnnpack-microkernels-prod.dir/src/qs8-vmulc/gen/qs8-vmulc-minmax-fp32-scalar-u4.c.o
[705/1001] Building C object backends/xnnpack/third-party/XNNPACK/CMakeFiles/xnnpack-microkernels-prod.dir/src/qs8-vmul/gen/qs8-vmul-minmax-rndnu-neon-ld64-u16.c.o
[706/1001] Building C object backends/xnnpack/third-party/XNNPACK/CMakeFiles/xnnpack-microkernels-prod.dir/src/qs8-vprelu/gen/qs8-vprelu-scalar-u8.c.o
[707/1001] Building C object backends/xnnpack/third-party/XNNPACK/CMakeFiles/xnnpack-microkernels-prod.dir/src/qs8-vpreluc/gen/qs8-vpreluc-scalar-u8.c.o
[708/1001] Building C object backends/xnnpack/third-party/XNNPACK/CMakeFiles/xnnpack-microkernels-prod.dir/src/qs8-vmulc/gen/qs8-vmulc-minmax-rndnu-neon-ld64-u16.c.o
[709/1001] Building C object backends/xnnpack/third-party/XNNPACK/CMakeFiles/xnnpack-microkernels-prod.dir/src/qs8-vrpreluc/gen/qs8-vrpreluc-scalar-u8.c.o
[710/1001] Building C object backends/xnnpack/third-party/XNNPACK/CMakeFiles/xnnpack-microkernels-prod.dir/src/qu8-dwconv/gen/qu8-dwconv-25p1c-minmax-fp32-scalar-fmagic.c.o
[711/1001] Building C object backends/xnnpack/third-party/XNNPACK/CMakeFiles/xnnpack-microkernels-prod.dir/src/qu8-dwconv/gen/qu8-dwconv-25p2c-minmax-fp32-scalar-lrintf.c.o
[712/1001] Building C object backends/xnnpack/third-party/XNNPACK/CMakeFiles/xnnpack-microkernels-prod.dir/src/qu8-dwconv/gen/qu8-dwconv-9p1c-minmax-fp32-scalar-fmagic.c.o
[713/1001] Building C object backends/xnnpack/third-party/XNNPACK/CMakeFiles/xnnpack-microkernels-prod.dir/src/qu8-dwconv/gen/qu8-dwconv-9p2c-minmax-fp32-scalar-lrintf.c.o
[714/1001] Building C object backends/xnnpack/third-party/XNNPACK/CMakeFiles/xnnpack-microkernels-prod.dir/src/qu8-f32-vcvt/gen/qu8-f32-vcvt-scalar-u4.c.o
[715/1001] Building C object backends/xnnpack/third-party/XNNPACK/CMakeFiles/xnnpack-microkernels-prod.dir/src/qu8-dwconv/gen/qu8-dwconv-25p8c-minmax-rndnu-neon-mul8.c.o
[716/1001] Building C object backends/xnnpack/third-party/XNNPACK/CMakeFiles/xnnpack-microkernels-prod.dir/src/qu8-dwconv/gen/qu8-dwconv-9p16c-minmax-rndnu-neon-mul8.c.o
[717/1001] Building C object backends/xnnpack/third-party/XNNPACK/CMakeFiles/xnnpack-microkernels-prod.dir/src/qs8-qu8-packw/gen/qs8-qu8-packw-x16c8-gemm-goi-scalar.c.o
[718/1001] Building C object backends/xnnpack/third-party/XNNPACK/CMakeFiles/xnnpack-microkernels-prod.dir/src/qu8-f32-vcvt/gen/qu8-f32-vcvt-neon-u32.c.o
[719/1001] Building C object backends/xnnpack/third-party/XNNPACK/CMakeFiles/xnnpack-microkernels-prod.dir/src/qu8-gemm/gen/qu8-gemm-1x4-minmax-fp32-scalar-lrintf.c.o
[720/1001] Building C object backends/xnnpack/third-party/XNNPACK/CMakeFiles/xnnpack-microkernels-prod.dir/src/qu8-gemm/gen/qu8-gemm-1x16-minmax-rndnu-neon-mlal-lane.c.o
[721/1001] Building C object backends/xnnpack/third-party/XNNPACK/CMakeFiles/xnnpack-microkernels-prod.dir/src/qu8-gemm/gen/qu8-gemm-1x16-minmax-rndnu16-neon-mlal-lane.c.o
[722/1001] Building C object backends/xnnpack/third-party/XNNPACK/CMakeFiles/xnnpack-microkernels-prod.dir/src/qu8-gemm/gen/qu8-gemm-3x4-minmax-fp32-scalar-lrintf.c.o
[723/1001] Building ASM object backends/xnnpack/third-party/XNNPACK/CMakeFiles/xnnpack-microkernels-prod.dir/src/qu8-gemm/gen/qu8-gemm-4x16-minmax-rndnu-asm-aarch64-neon-mlal-lane-cortex-a53-prfm.S.o
[724/1001] Building C object backends/xnnpack/third-party/XNNPACK/CMakeFiles/xnnpack-microkernels-prod.dir/src/qu8-gemm/gen/qu8-gemm-1x8-minmax-rndnu-neon-mlal-lane.c.o
[725/1001] Building ASM object backends/xnnpack/third-party/XNNPACK/CMakeFiles/xnnpack-microkernels-prod.dir/src/qu8-gemm/gen/qu8-gemm-4x16-minmax-rndnu-asm-aarch64-neon-mlal-lane-cortex-a75-prfm.S.o
[726/1001] Building ASM object backends/xnnpack/third-party/XNNPACK/CMakeFiles/xnnpack-microkernels-prod.dir/src/qu8-gemm/gen/qu8-gemm-4x16-minmax-rndnu-asm-aarch64-neon-mlal-lane-cortex-a75.S.o
[727/1001] Building C object backends/xnnpack/third-party/XNNPACK/CMakeFiles/xnnpack-microkernels-prod.dir/src/qu8-gemm/gen/qu8-gemm-3x8-minmax-rndnu-neon-mlal-lane.c.o
[728/1001] Building ASM object backends/xnnpack/third-party/XNNPACK/CMakeFiles/xnnpack-microkernels-prod.dir/src/qu8-gemm/gen/qu8-gemm-4x16-minmax-rndnu16-asm-aarch64-neon-mlal-lane-cortex-a53-prfm.S.o
[729/1001] Building C object backends/xnnpack/third-party/XNNPACK/CMakeFiles/xnnpack-microkernels-prod.dir/src/qu8-igemm/gen/qu8-igemm-1x4-minmax-fp32-scalar-lrintf.c.o
[730/1001] Building C object backends/xnnpack/third-party/XNNPACK/CMakeFiles/xnnpack-microkernels-prod.dir/src/qu8-igemm/gen/qu8-igemm-3x4-minmax-fp32-scalar-lrintf.c.o
[731/1001] Building C object backends/xnnpack/third-party/XNNPACK/CMakeFiles/xnnpack-microkernels-prod.dir/src/qu8-igemm/gen/qu8-igemm-1x16-minmax-rndnu-neon-mlal-lane.c.o
[732/1001] Building C object backends/xnnpack/third-party/XNNPACK/CMakeFiles/xnnpack-microkernels-prod.dir/src/qu8-igemm/gen/qu8-igemm-1x16-minmax-rndnu16-neon-mlal-lane.c.o
[733/1001] Building C object backends/xnnpack/third-party/XNNPACK/CMakeFiles/xnnpack-microkernels-prod.dir/src/qu8-igemm/gen/qu8-igemm-1x8-minmax-rndnu-neon-mlal-lane.c.o
[734/1001] Building C object backends/xnnpack/third-party/XNNPACK/CMakeFiles/xnnpack-microkernels-prod.dir/src/qu8-gemm/gen/qu8-gemm-4x16-minmax-rndnu-neon-mlal-lane.c.o
[735/1001] Building ASM object backends/xnnpack/third-party/XNNPACK/CMakeFiles/xnnpack-microkernels-prod.dir/src/qu8-igemm/gen/qu8-igemm-4x16-minmax-rndnu-asm-aarch64-neon-mlal-lane-cortex-a53-prfm.S.o
[736/1001] Building ASM object backends/xnnpack/third-party/XNNPACK/CMakeFiles/xnnpack-microkernels-prod.dir/src/qu8-igemm/gen/qu8-igemm-4x16-minmax-rndnu-asm-aarch64-neon-mlal-lane-cortex-a75-prfm.S.o
[737/1001] Building C object backends/xnnpack/third-party/XNNPACK/CMakeFiles/xnnpack-microkernels-prod.dir/src/qu8-igemm/gen/qu8-igemm-3x8-minmax-rndnu-neon-mlal-lane.c.o
[738/1001] Building ASM object backends/xnnpack/third-party/XNNPACK/CMakeFiles/xnnpack-microkernels-prod.dir/src/qu8-igemm/gen/qu8-igemm-4x16-minmax-rndnu-asm-aarch64-neon-mlal-lane-cortex-a75.S.o
[739/1001] Building ASM object backends/xnnpack/third-party/XNNPACK/CMakeFiles/xnnpack-microkernels-prod.dir/src/qu8-igemm/gen/qu8-igemm-4x16-minmax-rndnu16-asm-aarch64-neon-mlal-lane-cortex-a53-prfm.S.o
[740/1001] Building C object backends/xnnpack/third-party/XNNPACK/CMakeFiles/xnnpack-microkernels-prod.dir/src/qu8-rdsum/gen/qu8-rdsum-scalar.c.o
[741/1001] Building C object backends/xnnpack/third-party/XNNPACK/CMakeFiles/xnnpack-microkernels-prod.dir/src/qu8-rdsum/gen/qu8-rdsum-7p7x-neon-u16.c.o
[742/1001] Building C object backends/xnnpack/third-party/XNNPACK/CMakeFiles/xnnpack-microkernels-prod.dir/src/qu8-rsum/gen/qu8-rsum-scalar-u4.c.o
[743/1001] Building C object backends/xnnpack/third-party/XNNPACK/CMakeFiles/xnnpack-microkernels-prod.dir/src/qu8-rdsum/gen/qu8-rdsum-7p7x-neon-u32.c.o
[744/1001] Building C object backends/xnnpack/third-party/XNNPACK/CMakeFiles/xnnpack-microkernels-prod.dir/src/qu8-igemm/gen/qu8-igemm-4x16-minmax-rndnu-neon-mlal-lane.c.o
[745/1001] Building C object backends/xnnpack/third-party/XNNPACK/CMakeFiles/xnnpack-microkernels-prod.dir/src/qu8-rsum/gen/qu8-rsum-neon-u32-acc2.c.o
[746/1001] Building C object backends/xnnpack/third-party/XNNPACK/CMakeFiles/xnnpack-microkernels-prod.dir/src/qu8-vadd/gen/qu8-vadd-minmax-scalar-u1.c.o
[747/1001] Building C object backends/xnnpack/third-party/XNNPACK/CMakeFiles/xnnpack-microkernels-prod.dir/src/qu8-vadd/gen/qu8-vadd-minmax-neon-ld64-u16.c.o
[748/1001] Building C object backends/xnnpack/third-party/XNNPACK/CMakeFiles/xnnpack-microkernels-prod.dir/src/qu8-vadd/gen/qu8-vadd-minmax-neon-ld64-u32.c.o
[749/1001] Building C object backends/xnnpack/third-party/XNNPACK/CMakeFiles/xnnpack-microkernels-prod.dir/src/qu8-vadd/gen/qu8-vadd-minmax-scalar-u4.c.o
[750/1001] Building C object backends/xnnpack/third-party/XNNPACK/CMakeFiles/xnnpack-microkernels-prod.dir/src/qu8-vaddc/gen/qu8-vaddc-minmax-scalar-u1.c.o
[751/1001] Building C object backends/xnnpack/third-party/XNNPACK/CMakeFiles/xnnpack-microkernels-prod.dir/src/qu8-vaddc/gen/qu8-vaddc-minmax-scalar-u4.c.o
[752/1001] Building C object backends/xnnpack/third-party/XNNPACK/CMakeFiles/xnnpack-microkernels-prod.dir/src/qu8-vaddc/gen/qu8-vaddc-minmax-neon-ld64-u16.c.o
[753/1001] Building C object backends/xnnpack/third-party/XNNPACK/CMakeFiles/xnnpack-microkernels-prod.dir/src/qu8-vaddc/gen/qu8-vaddc-minmax-neon-ld64-u32.c.o
[754/1001] Building C object backends/xnnpack/third-party/XNNPACK/CMakeFiles/xnnpack-microkernels-prod.dir/src/qu8-vcvt/gen/qu8-vcvt-scalar-u4.c.o
[755/1001] Building C object backends/xnnpack/third-party/XNNPACK/CMakeFiles/xnnpack-microkernels-prod.dir/src/qu8-vcvt/gen/qu8-vcvt-neon-u32.c.o
[756/1001] Building C object backends/xnnpack/third-party/XNNPACK/CMakeFiles/xnnpack-microkernels-prod.dir/src/qu8-vlrelu/gen/qu8-vlrelu-scalar-andxor-u4.c.o
[757/1001] Building C object backends/xnnpack/third-party/XNNPACK/CMakeFiles/xnnpack-microkernels-prod.dir/src/qu8-vmul/gen/qu8-vmul-minmax-fp32-scalar-u4.c.o
[758/1001] Building C object backends/xnnpack/third-party/XNNPACK/CMakeFiles/xnnpack-microkernels-prod.dir/src/qu8-vlrelu/gen/qu8-vlrelu-neon-u32.c.o
[759/1001] Building C object backends/xnnpack/third-party/XNNPACK/CMakeFiles/xnnpack-microkernels-prod.dir/src/qu8-vmulc/gen/qu8-vmulc-minmax-fp32-scalar-u4.c.o
[760/1001] Building C object backends/xnnpack/third-party/XNNPACK/CMakeFiles/xnnpack-microkernels-prod.dir/src/qu8-vmul/gen/qu8-vmul-minmax-rndnu-neon-ld64-u16.c.o
[761/1001] Building C object backends/xnnpack/third-party/XNNPACK/CMakeFiles/xnnpack-microkernels-prod.dir/src/qu8-vprelu/gen/qu8-vprelu-scalar-u8.c.o
[762/1001] Building C object backends/xnnpack/third-party/XNNPACK/CMakeFiles/xnnpack-microkernels-prod.dir/src/qu8-vpreluc/gen/qu8-vpreluc-scalar-u8.c.o
[763/1001] Building C object backends/xnnpack/third-party/XNNPACK/CMakeFiles/xnnpack-microkernels-prod.dir/src/qu8-vrpreluc/gen/qu8-vrpreluc-scalar-u8.c.o
[764/1001] Building C object backends/xnnpack/third-party/XNNPACK/CMakeFiles/xnnpack-microkernels-prod.dir/src/qu8-vmulc/gen/qu8-vmulc-minmax-rndnu-neon-ld64-u16.c.o
[765/1001] Building C object backends/xnnpack/third-party/XNNPACK/CMakeFiles/xnnpack-microkernels-prod.dir/src/s8-ibilinear/gen/s8-ibilinear-scalar-u1.c.o
[766/1001] Building C object backends/xnnpack/third-party/XNNPACK/CMakeFiles/xnnpack-microkernels-prod.dir/src/s8-ibilinear/gen/s8-ibilinear-neon-u16.c.o
[767/1001] Building C object backends/xnnpack/third-party/XNNPACK/CMakeFiles/xnnpack-microkernels-prod.dir/src/s8-ibilinear/gen/s8-ibilinear-neon-u8.c.o
[768/1001] Building C object backends/xnnpack/third-party/XNNPACK/CMakeFiles/xnnpack-microkernels-prod.dir/src/s8-maxpool/gen/s8-maxpool-9p-minmax-scalar-u1.c.o
[769/1001] Building C object backends/xnnpack/third-party/XNNPACK/CMakeFiles/xnnpack-microkernels-prod.dir/src/s8-rdminmax/gen/s8-rdmax-2p2x-scalar-u2.c.o
[770/1001] Building C object backends/xnnpack/third-party/XNNPACK/CMakeFiles/xnnpack-microkernels-prod.dir/src/s8-rdminmax/gen/s8-rdmin-2p2x-scalar-u2.c.o
[771/1001] Building C object backends/xnnpack/third-party/XNNPACK/CMakeFiles/xnnpack-microkernels-prod.dir/src/s8-maxpool/gen/s8-maxpool-9p-minmax-neon-u16.c.o
[772/1001] Building C object backends/xnnpack/third-party/XNNPACK/CMakeFiles/xnnpack-microkernels-prod.dir/src/s8-rdminmax/gen/s8-rdmax-2p2x-neon-u32.c.o
[773/1001] Building C object backends/xnnpack/third-party/XNNPACK/CMakeFiles/xnnpack-microkernels-prod.dir/src/s8-rminmax/gen/s8-rmax-scalar-u2-acc2.c.o
[774/1001] Building C object backends/xnnpack/third-party/XNNPACK/CMakeFiles/xnnpack-microkernels-prod.dir/src/s8-rdminmax/gen/s8-rdmin-2p2x-neon-u32.c.o
[775/1001] Building C object backends/xnnpack/third-party/XNNPACK/CMakeFiles/xnnpack-microkernels-prod.dir/src/s8-rminmax/gen/s8-rmin-scalar-u2-acc2.c.o
[776/1001] Building C object backends/xnnpack/third-party/XNNPACK/CMakeFiles/xnnpack-microkernels-prod.dir/src/s8-rminmax/gen/s8-rmax-neon-u32-acc2.c.o
[777/1001] Building C object backends/xnnpack/third-party/XNNPACK/CMakeFiles/xnnpack-microkernels-prod.dir/src/s8-rminmax/gen/s8-rminmax-scalar-u2-acc2.c.o
[778/1001] Building C object backends/xnnpack/third-party/XNNPACK/CMakeFiles/xnnpack-microkernels-prod.dir/src/s8-rminmax/gen/s8-rmin-neon-u32-acc2.c.o
[779/1001] Building C object backends/xnnpack/third-party/XNNPACK/CMakeFiles/xnnpack-microkernels-prod.dir/src/s8-rminmax/gen/s8-rminmax-neon-u32-acc2.c.o
[780/1001] Building C object backends/xnnpack/third-party/XNNPACK/CMakeFiles/xnnpack-microkernels-prod.dir/src/s8-vclamp/s8-vclamp-scalar-u4.c.o
[781/1001] Building C object backends/xnnpack/third-party/XNNPACK/CMakeFiles/xnnpack-microkernels-prod.dir/src/u8-ibilinear/gen/u8-ibilinear-scalar-u1.c.o
[782/1001] Building C object backends/xnnpack/third-party/XNNPACK/CMakeFiles/xnnpack-microkernels-prod.dir/src/s8-vclamp/s8-vclamp-neon-u64.c.o
[783/1001] Building C object backends/xnnpack/third-party/XNNPACK/CMakeFiles/xnnpack-microkernels-prod.dir/src/u8-lut32norm/u8-lut32norm-scalar.c.o
[784/1001] Building C object backends/xnnpack/third-party/XNNPACK/CMakeFiles/xnnpack-microkernels-prod.dir/src/u8-ibilinear/gen/u8-ibilinear-neon-u16.c.o
[785/1001] Building C object backends/xnnpack/third-party/XNNPACK/CMakeFiles/xnnpack-microkernels-prod.dir/src/u8-ibilinear/gen/u8-ibilinear-neon-u8.c.o
[786/1001] Building C object backends/xnnpack/third-party/XNNPACK/CMakeFiles/xnnpack-microkernels-prod.dir/src/u8-maxpool/gen/u8-maxpool-9p-minmax-scalar-u1.c.o
[787/1001] Building C object backends/xnnpack/third-party/XNNPACK/CMakeFiles/xnnpack-microkernels-prod.dir/src/u8-rdminmax/gen/u8-rdmax-2p2x-scalar-u2.c.o
[788/1001] Building C object backends/xnnpack/third-party/XNNPACK/CMakeFiles/xnnpack-microkernels-prod.dir/src/u8-maxpool/gen/u8-maxpool-9p-minmax-neon-u16.c.o
[789/1001] Building C object backends/xnnpack/third-party/XNNPACK/CMakeFiles/xnnpack-microkernels-prod.dir/src/u8-rdminmax/gen/u8-rdmin-2p2x-scalar-u2.c.o
[790/1001] Building C object backends/xnnpack/third-party/XNNPACK/CMakeFiles/xnnpack-microkernels-prod.dir/src/u8-rdminmax/gen/u8-rdmax-2p2x-neon-u32.c.o
[791/1001] Building C object backends/xnnpack/third-party/XNNPACK/CMakeFiles/xnnpack-microkernels-prod.dir/src/u8-rminmax/gen/u8-rmax-scalar-u2-acc2.c.o
[792/1001] Building C object backends/xnnpack/third-party/XNNPACK/CMakeFiles/xnnpack-microkernels-prod.dir/src/u8-rdminmax/gen/u8-rdmin-2p2x-neon-u32.c.o
[793/1001] Building C object backends/xnnpack/third-party/XNNPACK/CMakeFiles/xnnpack-microkernels-prod.dir/src/u8-rminmax/gen/u8-rmax-neon-u32-acc2.c.o
[794/1001] Building C object backends/xnnpack/third-party/XNNPACK/CMakeFiles/xnnpack-microkernels-prod.dir/src/u8-rminmax/gen/u8-rmin-scalar-u2-acc2.c.o
[795/1001] Building C object backends/xnnpack/third-party/XNNPACK/CMakeFiles/xnnpack-microkernels-prod.dir/src/u8-rminmax/gen/u8-rminmax-scalar-u2-acc2.c.o
[796/1001] Building C object backends/xnnpack/third-party/XNNPACK/CMakeFiles/xnnpack-microkernels-prod.dir/src/u8-rminmax/gen/u8-rmin-neon-u32-acc2.c.o
[797/1001] Building C object backends/xnnpack/third-party/XNNPACK/CMakeFiles/xnnpack-microkernels-prod.dir/src/u8-vclamp/u8-vclamp-scalar-u4.c.o
[798/1001] Building C object backends/xnnpack/third-party/XNNPACK/CMakeFiles/xnnpack-microkernels-prod.dir/src/u8-rminmax/gen/u8-rminmax-neon-u32-acc2.c.o
[799/1001] Building C object backends/xnnpack/third-party/XNNPACK/CMakeFiles/xnnpack-microkernels-prod.dir/src/u8-vclamp/u8-vclamp-neon-u64.c.o
[800/1001] Building C object backends/xnnpack/third-party/XNNPACK/CMakeFiles/xnnpack-microkernels-prod.dir/src/x16-transposec/gen/x16-transposec-2x4-scalar-int.c.o
[801/1001] Building C object backends/xnnpack/third-party/XNNPACK/CMakeFiles/xnnpack-microkernels-prod.dir/src/x24-transposec/gen/x24-transposec-1x2-scalar.c.o
[802/1001] Building C object backends/xnnpack/third-party/XNNPACK/CMakeFiles/xnnpack-microkernels-prod.dir/src/x16-transposec/gen/x16-transposec-8x8-reuse-dec-zip-neon.c.o
[803/1001] Building C object backends/xnnpack/third-party/XNNPACK/CMakeFiles/xnnpack-microkernels-prod.dir/src/x16-packw/gen/x16-packw-x8-gemm-goi-neon-ld4lane-u8-prfm.c.o
[804/1001] Building C object backends/xnnpack/third-party/XNNPACK/CMakeFiles/xnnpack-microkernels-prod.dir/src/x16-x32-packw/gen/x16-x32-packw-x32c2-gemm-gio-scalar.c.o
[805/1001] Building C object backends/xnnpack/third-party/XNNPACK/CMakeFiles/xnnpack-microkernels-prod.dir/src/x24-transposec/x24-transposec-2x2-neon-tbl64.c.o
[806/1001] Building C object backends/xnnpack/third-party/XNNPACK/CMakeFiles/xnnpack-microkernels-prod.dir/src/x32-packw/gen/x32-packw-x2-gemm-gio-scalar.c.o
[807/1001] Building C object backends/xnnpack/third-party/XNNPACK/CMakeFiles/xnnpack-microkernels-prod.dir/src/x24-transposec/x24-transposec-4x4-aarch64-neon-tbl128.c.o
[808/1001] Building C object backends/xnnpack/third-party/XNNPACK/CMakeFiles/xnnpack-microkernels-prod.dir/src/x32-packw/gen/x32-packw-x2-gemm-goi-scalar-float-u4.c.o
[809/1001] Building C object backends/xnnpack/third-party/XNNPACK/CMakeFiles/xnnpack-microkernels-prod.dir/src/x16-packw/gen/x16-packw-x16-gemm-goi-neon-ld4lane-u8-prfm.c.o
[810/1001] Building C object backends/xnnpack/third-party/XNNPACK/CMakeFiles/xnnpack-microkernels-prod.dir/src/x32-packw/gen/x32-packw-gio-neon-u2.c.o
[811/1001] Building C object backends/xnnpack/third-party/XNNPACK/CMakeFiles/xnnpack-microkernels-prod.dir/src/x32-packw/gen/x32-packw-x2-gemm-goi-neon-ld2lane-u2-prfm.c.o
[812/1001] Building C object backends/xnnpack/third-party/XNNPACK/CMakeFiles/xnnpack-microkernels-prod.dir/src/x32-packw/gen/x32-packw-x4-gemm-gio-scalar.c.o
[813/1001] Building C object backends/xnnpack/third-party/XNNPACK/CMakeFiles/xnnpack-microkernels-prod.dir/src/x32-packw/gen/x32-packw-x4-gemm-goi-scalar-float-u4.c.o
[814/1001] Building C object backends/xnnpack/third-party/XNNPACK/CMakeFiles/xnnpack-microkernels-prod.dir/src/x32-transposec/gen/x32-transposec-2x4-scalar-int.c.o
[815/1001] Building C object backends/xnnpack/third-party/XNNPACK/CMakeFiles/xnnpack-microkernels-prod.dir/src/x32-packw/gen/x32-packw-x16-gemm-goi-neon-ld4lane-u4-prfm.c.o
[816/1001] Building C object backends/xnnpack/third-party/XNNPACK/CMakeFiles/xnnpack-microkernels-prod.dir/src/x32-packw/gen/x32-packw-x8-gemm-goi-neon-ld4lane-u4-prfm.c.o
[817/1001] Building C object backends/xnnpack/third-party/XNNPACK/CMakeFiles/xnnpack-microkernels-prod.dir/src/x32-transposec/gen/x32-transposec-4x4-reuse-dec-zip-neon.c.o
[818/1001] Building C object backends/xnnpack/third-party/XNNPACK/CMakeFiles/xnnpack-microkernels-prod.dir/src/x32-packw/gen/x32-packw-x8s4-gemm-goi-neon-ld4lane-u4-prfm.c.o
[819/1001] Building C object backends/xnnpack/third-party/XNNPACK/CMakeFiles/xnnpack-microkernels-prod.dir/src/x32-transposec/x32-transposec-4x4-aarch64-neon-tbl128.c.o
[820/1001] Building C object backends/xnnpack/third-party/XNNPACK/CMakeFiles/xnnpack-microkernels-prod.dir/src/x32-unpool/x32-unpool-neon.c.o
[821/1001] Building C object backends/xnnpack/third-party/XNNPACK/CMakeFiles/xnnpack-microkernels-prod.dir/src/x32-unpool/x32-unpool-scalar.c.o
[822/1001] Building C object backends/xnnpack/third-party/XNNPACK/CMakeFiles/xnnpack-microkernels-prod.dir/src/x64-transposec/gen/x64-transposec-4x2-scalar-int.c.o
[823/1001] Building C object backends/xnnpack/third-party/XNNPACK/CMakeFiles/xnnpack-microkernels-prod.dir/src/x8-lut/gen/x8-lut-scalar-u4.c.o
[824/1001] Building C object backends/xnnpack/third-party/XNNPACK/CMakeFiles/xnnpack-microkernels-prod.dir/src/x64-transposec/gen/x64-transposec-2x2-multi-dec-zip-neon.c.o
[825/1001] Building C object backends/xnnpack/third-party/XNNPACK/CMakeFiles/xnnpack-microkernels-prod.dir/src/x64-transposec/gen/x64-transposec-2x2-reuse-dec-zip-neon.c.o
[826/1001] Building C object backends/xnnpack/third-party/XNNPACK/CMakeFiles/xnnpack-microkernels-prod.dir/src/x8-lut/gen/x8-lut-aarch64-neon-tbx128x4-u64.c.o
[827/1001] Building C object backends/xnnpack/third-party/XNNPACK/CMakeFiles/xnnpack-microkernels-prod.dir/src/x8-packq/x8-packq-scalar-f32qp8-u1.c.o
[828/1001] Building C object backends/xnnpack/third-party/XNNPACK/CMakeFiles/xnnpack-microkernels-prod.dir/src/x8-packq/x8-packq-aarch64-neon-f32qp8-u2.c.o
[829/1001] Building C object backends/xnnpack/third-party/XNNPACK/CMakeFiles/xnnpack-microkernels-prod.dir/src/x8-packw/gen/x8-packw-x4-gemm-goi-scalar-u2.c.o
[830/1001] Building C object backends/xnnpack/third-party/XNNPACK/CMakeFiles/xnnpack-microkernels-prod.dir/src/x16-x32-packw/gen/x16-x32-packw-x32c2-gemm-goi-scalar.c.o
[831/1001] Building C object backends/xnnpack/third-party/XNNPACK/CMakeFiles/xnnpack-microkernels-prod.dir/src/x8-packw/gen/x8-packw-x8-gemm-goi-scalar-u2.c.o
[832/1001] Building C object backends/xnnpack/third-party/XNNPACK/CMakeFiles/xnnpack-microkernels-prod.dir/src/x8-transposec/gen/x8-transposec-2x4-scalar-int.c.o
[833/1001] Building C object backends/xnnpack/third-party/XNNPACK/CMakeFiles/xnnpack-microkernels-prod.dir/src/x8-packw/gen/x8-packw-x16-gemm-goi-scalar-u2.c.o
[834/1001] Building C object backends/xnnpack/third-party/XNNPACK/CMakeFiles/xnnpack-microkernels-prod.dir/src/xx-copy/xx-copy-scalar-memcpy.c.o
[835/1001] Building C object backends/xnnpack/third-party/XNNPACK/CMakeFiles/xnnpack-microkernels-prod.dir/src/x8-transposec/gen/x8-transposec-16x16-reuse-dec-zip-neon.c.o
[836/1001] Building C object backends/xnnpack/third-party/XNNPACK/CMakeFiles/xnnpack-microkernels-prod.dir/src/xx-fill/xx-fill-scalar-u16.c.o
[837/1001] Building C object backends/xnnpack/third-party/XNNPACK/CMakeFiles/xnnpack-microkernels-prod.dir/src/xx-fill/xx-fill-neon-u64.c.o
[838/1001] Building C object backends/xnnpack/third-party/XNNPACK/CMakeFiles/xnnpack-microkernels-prod.dir/src/xx-pad/xx-pad-p4-scalar-u16.c.o
[839/1001] Building C object backends/xnnpack/third-party/XNNPACK/CMakeFiles/xnnpack-microkernels-prod.dir/src/xx-transposev/xx-transposev-1x1-scalar-memcpy.c.o
[840/1001] Building C object backends/xnnpack/third-party/XNNPACK/CMakeFiles/xnnpack-microkernels-prod.dir/src/tables/exp2-k-over-2048.c.o
[841/1001] Building C object backends/xnnpack/third-party/XNNPACK/CMakeFiles/xnnpack-microkernels-prod.dir/src/tables/exp2-k-over-64.c.o
[842/1001] Building C object backends/xnnpack/third-party/XNNPACK/CMakeFiles/xnnpack-microkernels-prod.dir/src/tables/exp2minus-k-over-4.c.o
[843/1001] Building C object backends/xnnpack/third-party/XNNPACK/CMakeFiles/xnnpack-microkernels-prod.dir/src/xx-pad/xx-pad-p16-neon-u16.c.o
[844/1001] Building C object backends/xnnpack/third-party/XNNPACK/CMakeFiles/xnnpack-microkernels-prod.dir/src/tables/exp2minus-k-over-8.c.o
[845/1001] Building C object backends/xnnpack/third-party/XNNPACK/CMakeFiles/xnnpack-microkernels-prod.dir/src/tables/exp2minus-k-over-16.c.o
[846/1001] Building C object backends/xnnpack/third-party/XNNPACK/CMakeFiles/xnnpack-microkernels-prod.dir/src/tables/exp2minus-k-over-32.c.o
[847/1001] Building C object backends/xnnpack/third-party/XNNPACK/CMakeFiles/xnnpack-microkernels-prod.dir/src/x32-packw/gen/x32-packw-x32-gemm-goi-scalar-int-u2.c.o
[848/1001] Building C object backends/xnnpack/third-party/XNNPACK/CMakeFiles/xnnpack-microkernels-prod.dir/src/tables/exp2minus-k-over-64.c.o
[849/1001] Building C object backends/xnnpack/third-party/XNNPACK/CMakeFiles/xnnpack-microkernels-prod.dir/src/tables/exp2minus-k-over-2048.c.o
[850/1001] Building C object backends/xnnpack/third-party/XNNPACK/CMakeFiles/xnnpack-microkernels-prod.dir/src/tables/vlog.c.o
[851/1001] Building C object backends/xnnpack/third-party/XNNPACK/CMakeFiles/xnnpack-microkernels-prod.dir/src/x32-packw/gen/x32-packw-x64-gemm-goi-scalar-int-u2.c.o
[852/1001] Building C object backends/xnnpack/third-party/XNNPACK/CMakeFiles/xnnpack-hardware-config.dir/src/configs/hardware-config.c.o
[853/1001] Building C object backends/xnnpack/third-party/XNNPACK/CMakeFiles/xnnpack-logging.dir/src/enums/allocation-type.c.o
[854/1001] Building C object backends/xnnpack/third-party/XNNPACK/CMakeFiles/xnnpack-logging.dir/src/enums/datatype-strings.c.o
[855/1001] Building C object backends/xnnpack/third-party/XNNPACK/CMakeFiles/xnnpack-logging.dir/src/enums/microkernel-type.c.o
[856/1001] Building C object backends/xnnpack/third-party/XNNPACK/CMakeFiles/xnnpack-logging.dir/src/enums/node-type.c.o
[857/1001] Building C object backends/xnnpack/third-party/XNNPACK/CMakeFiles/xnnpack-logging.dir/src/enums/operator-type.c.o
[858/1001] Building C object backends/xnnpack/third-party/XNNPACK/CMakeFiles/xnnpack-logging.dir/src/log.c.o
[859/1001] Building C object backends/xnnpack/third-party/XNNPACK/CMakeFiles/xnnpack-normalization.dir/src/normalization.c.o
[860/1001] Building C object backends/xnnpack/third-party/XNNPACK/CMakeFiles/xnnpack-allocator.dir/src/allocator.c.o
[861/1001] Building C object backends/xnnpack/third-party/XNNPACK/CMakeFiles/xnnpack-microparams-init.dir/src/microparams-init.c.o
[862/1001] Building C object backends/xnnpack/third-party/XNNPACK/CMakeFiles/xnnpack-datatype.dir/src/datatype.c.o
[863/1001] Building C object backends/xnnpack/third-party/XNNPACK/CMakeFiles/xnnpack-indirection.dir/src/indirection.c.o
[864/1001] Building C object backends/xnnpack/third-party/XNNPACK/CMakeFiles/xnnpack-cache.dir/src/cache.c.o
[865/1001] Building C object backends/xnnpack/third-party/XNNPACK/CMakeFiles/xnnpack-operator-delete.dir/src/operator-delete.c.o
[866/1001] Building C object backends/xnnpack/third-party/XNNPACK/CMakeFiles/xnnpack-microkernels-prod.dir/src/x8-packw/gen/x8-packw-x32-gemm-goi-scalar-u2.c.o
[867/1001] Building C object backends/xnnpack/third-party/XNNPACK/CMakeFiles/xnnpack-fingerprint-id.dir/src/operators/fingerprint_id.c.o
[868/1001] Building C object backends/xnnpack/third-party/XNNPACK/CMakeFiles/xnnpack-fingerprint-cache.dir/src/operators/fingerprint_cache.c.o
[869/1001] Building C object backends/xnnpack/third-party/XNNPACK/CMakeFiles/xnnpack-fingerprint-check.dir/src/xnnpack/fingerprint_check.c.o
[870/1001] Building C object backends/xnnpack/third-party/XNNPACK/CMakeFiles/xnnpack-memory.dir/src/memory.c.o
[871/1001] Building CXX object backends/xnnpack/third-party/XNNPACK/CMakeFiles/xnnpack-pack-lh.dir/src/pack-lh.cc.o
[872/1001] Building C object backends/xnnpack/third-party/XNNPACK/CMakeFiles/xnnpack-microkernel-utils.dir/src/microkernel-utils.c.o
[873/1001] Building C object backends/xnnpack/third-party/XNNPACK/CMakeFiles/xnnpack-mutex.dir/src/mutex.c.o
[874/1001] Building C object backends/xnnpack/third-party/XNNPACK/CMakeFiles/xnnpack-operators.dir/src/operator-delete.c.o
[875/1001] Building C object backends/xnnpack/third-party/XNNPACK/CMakeFiles/xnnpack-operators.dir/src/operators/argmax-pooling-nhwc.c.o
[876/1001] Building C object backends/xnnpack/third-party/XNNPACK/CMakeFiles/xnnpack-operators.dir/src/operators/average-pooling-nhwc.c.o
[877/1001] Building C object backends/xnnpack/third-party/XNNPACK/CMakeFiles/xnnpack-operators.dir/src/operators/binary-elementwise-nd.c.o
[878/1001] Building C object backends/xnnpack/third-party/XNNPACK/CMakeFiles/xnnpack-operators.dir/src/operators/constant-pad-nd.c.o
[879/1001] Building C object backends/xnnpack/third-party/XNNPACK/CMakeFiles/xnnpack-operators.dir/src/operators/batch-matrix-multiply-nc.c.o
[880/1001] Building C object backends/xnnpack/third-party/XNNPACK/CMakeFiles/xnnpack-operators.dir/src/operators/convolution-nchw.c.o
[881/1001] Building C object backends/xnnpack/third-party/XNNPACK/CMakeFiles/xnnpack-operators.dir/src/operators/dynamic-fully-connected-nc.c.o
[882/1001] Building C object backends/xnnpack/third-party/XNNPACK/CMakeFiles/xnnpack-operators.dir/src/operators/max-pooling-nhwc.c.o
[883/1001] Building C object backends/xnnpack/third-party/XNNPACK/CMakeFiles/xnnpack-operators.dir/src/operators/pack-lh.c.o
[884/1001] Building C object backends/xnnpack/third-party/XNNPACK/CMakeFiles/xnnpack-operators.dir/src/operators/deconvolution-nhwc.c.o
[885/1001] Building C object backends/xnnpack/third-party/XNNPACK/CMakeFiles/xnnpack-operators.dir/src/operators/reduce-nd.c.o
[886/1001] Building C object backends/xnnpack/third-party/XNNPACK/CMakeFiles/xnnpack-operators.dir/src/operators/resize-bilinear-nchw.c.o
[887/1001] Building C object backends/xnnpack/third-party/XNNPACK/CMakeFiles/xnnpack-operators.dir/src/operators/convolution-nhwc.c.o
[888/1001] Building C object backends/xnnpack/third-party/XNNPACK/CMakeFiles/xnnpack-operators.dir/src/operators/resize-bilinear-nhwc.c.o
[889/1001] Building C object backends/xnnpack/third-party/XNNPACK/CMakeFiles/xnnpack-operators.dir/src/operators/rope-nthc.c.o
[890/1001] Building C object backends/xnnpack/third-party/XNNPACK/CMakeFiles/xnnpack-operators.dir/src/operators/slice-nd.c.o
[891/1001] Building C object backends/xnnpack/third-party/XNNPACK/CMakeFiles/xnnpack-operators.dir/src/operators/softmax-nc.c.o
[892/1001] Building C object backends/xnnpack/third-party/XNNPACK/CMakeFiles/xnnpack-operators.dir/src/operators/fully-connected-nc.c.o
[893/1001] Building C object backends/xnnpack/third-party/XNNPACK/CMakeFiles/xnnpack-operators.dir/src/operators/unpooling-nhwc.c.o
[894/1001] Building C object backends/xnnpack/third-party/XNNPACK/CMakeFiles/xnnpack-operators.dir/src/operators/transpose-nd.c.o
[895/1001] Building C object backends/xnnpack/third-party/XNNPACK/CMakeFiles/xnnpack-operator-utils.dir/src/operator-utils.c.o
[896/1001] Building C object backends/xnnpack/third-party/XNNPACK/CMakeFiles/xnnpack-operators.dir/src/operators/unary-elementwise-nc.c.o
[897/1001] Building C object backends/xnnpack/third-party/XNNPACK/CMakeFiles/xnnpack-subgraph.dir/src/memory-planner.c.o
[898/1001] Building C object backends/xnnpack/third-party/XNNPACK/CMakeFiles/xnnpack-subgraph.dir/src/subgraph/argmax-pooling-2d.c.o
[899/1001] Building C object backends/xnnpack/third-party/XNNPACK/CMakeFiles/xnnpack-operator-run.dir/src/operator-run.c.o
[900/1001] Building C object backends/xnnpack/third-party/XNNPACK/CMakeFiles/xnnpack-subgraph.dir/src/runtime.c.o
[901/1001] Building C object backends/xnnpack/third-party/XNNPACK/CMakeFiles/xnnpack-subgraph.dir/src/subgraph/average-pooling-2d.c.o
[902/1001] Building C object backends/xnnpack/third-party/XNNPACK/CMakeFiles/xnnpack-subgraph.dir/src/subgraph/batch-matrix-multiply.c.o
[903/1001] Building C object backends/xnnpack/third-party/XNNPACK/CMakeFiles/xnnpack-subgraph.dir/src/subgraph/binary.c.o
[904/1001] Building C object backends/xnnpack/third-party/XNNPACK/CMakeFiles/xnnpack-subgraph.dir/src/subgraph/concatenate.c.o
[905/1001] Building C object backends/xnnpack/third-party/XNNPACK/CMakeFiles/xnnpack-subgraph.dir/src/subgraph/copy.c.o
[906/1001] Building C object backends/xnnpack/third-party/XNNPACK/CMakeFiles/xnnpack-subgraph.dir/src/subgraph/convolution-2d.c.o
[907/1001] Building C object backends/xnnpack/third-party/XNNPACK/CMakeFiles/xnnpack-subgraph.dir/src/subgraph/deconvolution-2d.c.o
[908/1001] Building C object backends/xnnpack/third-party/XNNPACK/CMakeFiles/xnnpack-subgraph.dir/src/subgraph/deprecated.c.o
[909/1001] Building C object backends/xnnpack/third-party/XNNPACK/CMakeFiles/xnnpack-subgraph.dir/src/subgraph/depth-to-space-2d.c.o
[910/1001] Building CXX object backends/xnnpack/third-party/XNNPACK/CMakeFiles/xnnpack-packing.dir/src/reference/packing.cc.o
[911/1001] Building C object backends/xnnpack/third-party/XNNPACK/CMakeFiles/xnnpack-subgraph.dir/src/subgraph.c.o
[912/1001] Building C object backends/xnnpack/third-party/XNNPACK/CMakeFiles/xnnpack-subgraph.dir/src/subgraph/depthwise-convolution-2d.c.o
[913/1001] Building C object backends/xnnpack/third-party/XNNPACK/CMakeFiles/xnnpack-subgraph.dir/src/subgraph/even-split.c.o
[914/1001] Building C object backends/xnnpack/third-party/XNNPACK/CMakeFiles/xnnpack-subgraph.dir/src/subgraph/fully-connected-sparse.c.o
[915/1001] Building C object backends/xnnpack/third-party/XNNPACK/CMakeFiles/xnnpack-subgraph.dir/src/subgraph/max-pooling-2d.c.o
[916/1001] Building C object backends/xnnpack/third-party/XNNPACK/CMakeFiles/xnnpack-subgraph.dir/src/subgraph/pack-lh.c.o
[917/1001] Building C object backends/xnnpack/third-party/XNNPACK/CMakeFiles/xnnpack-subgraph.dir/src/subgraph/fully-connected.c.o
[918/1001] Building C object backends/xnnpack/third-party/XNNPACK/CMakeFiles/xnnpack-subgraph.dir/src/subgraph/reshape-helpers.c.o
[919/1001] Building C object backends/xnnpack/third-party/XNNPACK/CMakeFiles/xnnpack-subgraph.dir/src/subgraph/rope.c.o
[920/1001] Building C object backends/xnnpack/third-party/XNNPACK/CMakeFiles/xnnpack-subgraph.dir/src/subgraph/softmax.c.o
[921/1001] Building C object backends/xnnpack/third-party/XNNPACK/CMakeFiles/xnnpack-subgraph.dir/src/subgraph/space-to-depth-2d.c.o
[922/1001] Building C object backends/xnnpack/third-party/XNNPACK/CMakeFiles/xnnpack-subgraph.dir/src/subgraph/static-constant-pad.c.o
[923/1001] Building C object backends/xnnpack/third-party/XNNPACK/CMakeFiles/xnnpack-subgraph.dir/src/subgraph/static-reduce.c.o
[924/1001] Building C object backends/xnnpack/third-party/XNNPACK/CMakeFiles/xnnpack-subgraph.dir/src/subgraph/static-resize-bilinear-2d.c.o
[925/1001] Building C object backends/xnnpack/third-party/XNNPACK/CMakeFiles/xnnpack-subgraph.dir/src/subgraph/static-slice.c.o
[926/1001] Building C object backends/xnnpack/third-party/XNNPACK/CMakeFiles/xnnpack-subgraph.dir/src/subgraph/static-transpose.c.o
[927/1001] Building C object backends/xnnpack/third-party/XNNPACK/CMakeFiles/xnnpack-subgraph.dir/src/subgraph/unpooling-2d.c.o
[928/1001] Building C object backends/xnnpack/third-party/XNNPACK/CMakeFiles/xnnpack-subgraph.dir/src/subgraph/subgraph-utils.c.o
[929/1001] Building C object backends/xnnpack/third-party/XNNPACK/CMakeFiles/xnnpack-subgraph.dir/src/subgraph/validation.c.o
[930/1001] Building C object backends/xnnpack/third-party/XNNPACK/CMakeFiles/xnnpack-subgraph.dir/src/subgraph/unary.c.o
[931/1001] Building CXX object backends/xnnpack/third-party/XNNPACK/CMakeFiles/xnnpack-reference-ukernels.dir/src/reference/unary-elementwise.cc.o
[932/1001] Generating scalar_type_schema headers
[933/1001] Generating flat_tensor_schema headers
[934/1001] Building C object backends/xnnpack/third-party/XNNPACK/CMakeFiles/xnnpack-subgraph.dir/src/tensor.c.o
[935/1001] Building CXX object extension/data_loader/CMakeFiles/extension_data_loader.dir/mmap_data_loader.cpp.o
[936/1001] Building CXX object extension/flat_tensor/CMakeFiles/extension_flat_tensor.dir/serialize/flat_tensor_header.cpp.o
[937/1001] Building CXX object backends/xnnpack/third-party/XNNPACK/CMakeFiles/xnnpack-reference-ukernels.dir/src/reference/binary-elementwise.cc.o
[938/1001] Building CXX object extension/data_loader/CMakeFiles/extension_data_loader.dir/file_data_loader.cpp.o
[939/1001] Linking CXX static library extension\data_loader\libextension_data_loader.a
[940/1001] Building CXX object extension/runner_util/CMakeFiles/extension_runner_util.dir/inputs.cpp.o
[941/1001] Linking C static library backends\xnnpack\third-party\XNNPACK\libxnnpack-microkernels-prod.a
[942/1001] Generating build_identifier.c
[943/1001] Building CXX object extension/flat_tensor/CMakeFiles/extension_flat_tensor.dir/flat_tensor_data_map.cpp.o
[944/1001] Building CXX object extension/named_data_map/CMakeFiles/extension_named_data_map.dir/merged_data_map.cpp.o
[945/1001] Building CXX object extension/runner_util/CMakeFiles/extension_runner_util.dir/inputs_portable.cpp.o
[946/1001] Building CXX object backends/xnnpack/CMakeFiles/xnnpack_backend.dir/runtime/XNNHeader.cpp.o
[947/1001] Building CXX object extension/threadpool/CMakeFiles/extension_threadpool.dir/threadpool.cpp.o
[948/1001] Building CXX object extension/tensor/CMakeFiles/extension_tensor.dir/tensor_ptr_maker.cpp.o
[949/1001] Building CXX object backends/xnnpack/CMakeFiles/xnnpack_backend.dir/runtime/XNNExecutor.cpp.o
[950/1001] Building CXX object backends/xnnpack/CMakeFiles/xnnpack_backend.dir/runtime/XNNPACKBackend.cpp.o
[951/1001] Building CXX object backends/xnnpack/CMakeFiles/xnnpack_backend.dir/runtime/XNNWorkspaceManager.cpp.o
[952/1001] Building C object backends/xnnpack/third-party/XNNPACK/CMakeFiles/XNNPACK.dir/src/configs/argmaxpool-config.c.o
[953/1001] Building CXX object backends/xnnpack/CMakeFiles/xnnpack_backend.dir/runtime/XNNWeightsCacheManager.cpp.o
[954/1001] Building C object backends/xnnpack/third-party/XNNPACK/CMakeFiles/XNNPACK.dir/src/configs/avgpool-config.c.o
[955/1001] Building C object backends/xnnpack/third-party/XNNPACK/CMakeFiles/XNNPACK.dir/src/configs/binary-elementwise-config.c.o
[956/1001] Building C object backends/xnnpack/third-party/XNNPACK/CMakeFiles/XNNPACK.dir/src/configs/cmul-config.c.o
[957/1001] Building C object backends/xnnpack/third-party/XNNPACK/CMakeFiles/XNNPACK.dir/src/configs/conv-hwc2chw-config.c.o
[958/1001] Building C object backends/xnnpack/third-party/XNNPACK/CMakeFiles/XNNPACK.dir/src/configs/dwconv-config.c.o
[959/1001] Building CXX object extension/module/CMakeFiles/extension_module.dir/module.cpp.o
[960/1001] Building CXX object extension/tensor/CMakeFiles/extension_tensor.dir/tensor_ptr.cpp.o
[961/1001] Building CXX object backends/xnnpack/CMakeFiles/xnnpack_backend.dir/runtime/XNNWeightsCache.cpp.o
[962/1001] Building C object backends/xnnpack/third-party/XNNPACK/CMakeFiles/XNNPACK.dir/src/configs/dwconv2d-chw-config.c.o
[963/1001] Building CXX object backends/xnnpack/CMakeFiles/xnnpack_backend.dir/runtime/XnnpackBackendOptions.cpp.o
[964/1001] Building C object backends/xnnpack/third-party/XNNPACK/CMakeFiles/XNNPACK.dir/src/configs/ibilinear-chw-config.c.o
[965/1001] Building C object backends/xnnpack/third-party/XNNPACK/CMakeFiles/XNNPACK.dir/src/configs/lut32norm-config.c.o
[966/1001] Building C object backends/xnnpack/third-party/XNNPACK/CMakeFiles/XNNPACK.dir/src/configs/ibilinear-config.c.o
[967/1001] Building CXX object backends/xnnpack/CMakeFiles/xnnpack_backend.dir/runtime/profiling/XNNProfiler.cpp.o
[968/1001] Building C object backends/xnnpack/third-party/XNNPACK/CMakeFiles/XNNPACK.dir/src/configs/pack-lh-config.c.o
[969/1001] Building C object backends/xnnpack/third-party/XNNPACK/CMakeFiles/XNNPACK.dir/src/configs/maxpool-config.c.o
[970/1001] Building C object backends/xnnpack/third-party/XNNPACK/CMakeFiles/XNNPACK.dir/src/configs/raddstoreexpminusmax-config.c.o
[971/1001] Building C object backends/xnnpack/third-party/XNNPACK/CMakeFiles/XNNPACK.dir/src/configs/gemm-config.c.o
[972/1001] Building C object backends/xnnpack/third-party/XNNPACK/CMakeFiles/XNNPACK.dir/src/configs/spmm-config.c.o
[973/1001] Building C object backends/xnnpack/third-party/XNNPACK/CMakeFiles/XNNPACK.dir/src/configs/reduce-config.c.o
[974/1001] Building C object backends/xnnpack/third-party/XNNPACK/CMakeFiles/XNNPACK.dir/src/configs/transpose-config.c.o
[975/1001] Building C object backends/xnnpack/third-party/XNNPACK/CMakeFiles/XNNPACK.dir/src/configs/unpool-config.c.o
[976/1001] Building C object backends/xnnpack/third-party/XNNPACK/CMakeFiles/XNNPACK.dir/src/configs/vmulcaddc-config.c.o
[977/1001] Building C object backends/xnnpack/third-party/XNNPACK/CMakeFiles/XNNPACK.dir/src/configs/xx-fill-config.c.o
[978/1001] Building C object backends/xnnpack/third-party/XNNPACK/CMakeFiles/XNNPACK.dir/src/configs/xx-pad-config.c.o
[979/1001] Building C object backends/xnnpack/third-party/XNNPACK/CMakeFiles/XNNPACK.dir/src/configs/x8-lut-config.c.o
[980/1001] Building C object backends/xnnpack/third-party/XNNPACK/CMakeFiles/XNNPACK.dir/src/params.c.o
[981/1001] Building C object backends/xnnpack/third-party/XNNPACK/CMakeFiles/XNNPACK.dir/src/configs/unary-elementwise-config.c.o
[982/1001] Building C object backends/xnnpack/third-party/XNNPACK/CMakeFiles/XNNPACK.dir/src/init.c.o
[983/1001] Building C object backends/xnnpack/third-party/XNNPACK/CMakeFiles/XNNPACK.dir/build_identifier.c.o
[984/1001] Linking CXX static library extension\flat_tensor\libextension_flat_tensor.a
[985/1001] Building CXX object extension/threadpool/CMakeFiles/extension_threadpool.dir/threadpool_guard.cpp.o
[986/1001] Linking CXX static library extension\named_data_map\libextension_named_data_map.a
[987/1001] Linking CXX static library extension\runner_util\libextension_runner_util.a
[988/1001] Linking CXX static library extension\tensor\libextension_tensor.a
[989/1001] Linking CXX static library extension\module\libextension_module.a
[990/1001] Generating third-party/fbjni/prefab/modules/fbjni/include, third-party/fbjni/prefab/modules/fbjni/libs/android.arm64-v8a/libfbjni.so
[991/1001] Building CXX object backends/xnnpack/CMakeFiles/xnnpack_backend.dir/runtime/XNNCompiler.cpp.o
[992/1001] Linking CXX static library backends\xnnpack\third-party\XNNPACK\libXNNPACK.a
[993/1001] Building CXX object extension/threadpool/CMakeFiles/extension_threadpool.dir/thread_parallel.cpp.o
[994/1001] Building CXX object extension/threadpool/CMakeFiles/extension_threadpool.dir/cpuinfo_utils.cpp.o
[995/1001] Building CXX object extension/android/CMakeFiles/executorch_jni.dir/jni/log.cpp.o
[996/1001] Linking CXX static library extension\threadpool\libextension_threadpool.a
[997/1001] Linking CXX static library backends\xnnpack\libxnnpack_backend.a
[998/1001] Building CXX object extension/android/CMakeFiles/executorch_jni.dir/jni/jni_helper.cpp.o
[999/1001] Building CXX object extension/android/CMakeFiles/executorch_jni.dir/jni/jni_layer_runtime.cpp.o
[1000/1001] Building CXX object extension/android/CMakeFiles/executorch_jni.dir/jni/jni_layer.cpp.o
[1001/1001] Linking CXX shared library extension\android\libexecutorch_jni.so
